0   , 3108683, 0      , 0      , 0      
1   , 3108733, 0      , 0      , 0      
2   , 3108783, 0      , 0      , 0      
3   , 3108833, 0      , 0      , 0      
4   , 3108883, 0      , 0      , 0      
5   , 3108933, 0      , 0      , 0      
6   , 3108983, 0      , 0      , 0      
7   , 3109033, 0      , 0      , 0      
8   , 3109083, 0      , 0      , 0      
9   , 3109133, 0      , 0      , 0      
10  , 3109183, 0      , 0      , 0      
11  , 3109233, 0      , 0      , 0      
12  , 3109283, 0      , 0      , 0      
13  , 3109333, 0      , 0      , 0      
14  , 3109383, 0      , 0      , 0      
15  , 3109433, 0      , 0      , 0      
16  , 3109483, 0      , 0      , 0      
17  , 3109533, 0      , 0      , 0      
18  , 3109583, 0      , 0      , 0      
19  , 3109633, 0      , 0      , 0      
20  , 3109683, 0      , 0      , 0      
21  , 3109733, 0      , 0      , 0      
22  , 3109783, 0      , 0      , 0      
23  , 3109833, 0      , 0      , 0      
24  , 3109883, 0      , 0      , 0      
25  , 3109933, 0      , 0      , 0      
26  , 3109983, 0      , 0      , 0      
27  , 3110033, 0      , 0      , 0      
28  , 3110083, 0      , 0      , 0      
29  , 3110133, 0      , 0      , 0      
30  , 3110183, 0      , 0      , 0      
31  , 3110233, 0      , 0      , 0      
32  , 3110283, 0      , 0      , 0      
33  , 3110333, 0      , 0      , 0      
34  , 3110383, 0      , 0      , 0      
35  , 3110433, 0      , 0      , 0      
36  , 3110483, 0      , 0      , 0      
37  , 3110533, 0      , 0      , 0      
38  , 3110583, 0      , 0      , 0      
39  , 3110633, 0      , 0      , 0      
40  , 3110683, 0      , 0      , 0      
41  , 3110733, 0      , 0      , 0      
42  , 3110783, 0      , 0      , 0      
43  , 3110833, 0      , 0      , 0      
44  , 3110883, 0      , 0      , 0      
45  , 3110933, 0      , 0      , 0      
46  , 3110983, 0      , 0      , 1092852122
47  , 3111033, 0      , 0      , 1101240730
48  , 3111083, 1092616192, 1120403456, 1106142823
49  , 3111133, 1120403456, 1148846080, 1106916148
50  , 3111183, 1128136704, 1155596288, 1103953921
51  , 3111233, 1120403456, 0      , 1107977831
52  , 3111283, 0      , -991068160, 1114393806
53  , 3111333, 1106247680, -1003552768, 1117018522
54  , 3111383, 1112014848, 1140457472, 1117785293
55  , 3111433, 1112014848, 1128792064, 1118846976
56  , 3111483, 1114636288, 1120403456, 1119990579
57  , 3111533, 1114636288, 1120403456, 1121134182
58  , 3111583, 1117782016, 1128792064, 1122146713
59  , 3111633, 1120403456, 1137180672, 1122929868
60  , 3111683, 1121714176, 1133903872, 1123794943
61  , 3111733, 1123024896, 1128792064, 1123942400
62  , 3111783, 1124859904, 1133903872, 1123942400
63  , 3111833, 1126170624, 1137180672, 1123942400
64  , 3111883, 1126170624, 1128792064, 1123942400
65  , 3111933, 1126825984, 1120403456, 1123942400
66  , 3111983, 1128136704, 1133903872, 1123942400
67  , 3112033, 1129447424, 1137180672, 1123942400
68  , 3112083, 1129447424, 1128792064, 1123942400
69  , 3112133, 1130102784, 1120403456, 1123942400
70  , 3112183, 1131413504, 1133903872, 1123942400
71  , 3112233, 1132593152, 1137180672, 1123942400
72  , 3112283, 1132920832, 1133903872, 1123942400
73  , 3112333, 1133248512, 1128792064, 1123942400
74  , 3112383, 1133576192, 1128792064, 1123942400
75  , 3112433, 1133903872, 1128792064, 1123942400
76  , 3112483, 1134559232, 1133903872, 1123942400
77  , 3112533, 1135214592, 1137180672, 1123942400
78  , 3112583, 1135214592, 1128792064, 1123942400
79  , 3112633, 1134559232, -1018691584, 1123942400
80  , 3112683, 1135542272, 1120403456, 1123942400
81  , 3112733, 1135869952, 1137180672, 1123942400
82  , 3112783, 1136197632, 1128792064, 1123942400
83  , 3112833, 1136525312, 1128792064, 1123942400
84  , 3112883, 1136525312, 1120403456, 1123942400
85  , 3112933, 1137180672, 1128792064, 1123942400
86  , 3112983, 1137508352, 1133903872, 1123942400
87  , 3113033, 1137836032, 1128792064, 1123942400
88  , 3113083, 1137836032, 1120403456, 1123942400
89  , 3113133, 1138491392, 1128792064, 1123942400
90  , 3113183, 1138491392, 1128792064, 1123942400
91  , 3113233, 1138819072, 1120403456, 1123942400
92  , 3113283, 1139146752, 1128792064, 1123942400
93  , 3113333, 1139146752, 1120403456, 1123942400
94  , 3113383, 1139474432, 1120403456, 1123942400
95  , 3113433, 1139802112, 1128792064, 1123942400
96  , 3113483, 1139802112, 1120403456, 1123942400
97  , 3113533, 1140129792, 1120403456, 1123942400
98  , 3113583, 1140457472, 1128792064, 1123942400
99  , 3113633, 1140129792, 0      , 1123942400
100 , 3113683, 1140981760, 1128792064, 1123942400
101 , 3113733, 1140981760, 1133903872, 1123942400
102 , 3113783, 1141145600, 1120403456, 1123942400
103 , 3113833, 1141309440, 1128792064, 1123942400
104 , 3113883, 1141309440, 1120403456, 1123942400
105 , 3113933, 1141145600, -1027080192, 1123942400
106 , 3113983, 1141309440, 0      , 1123942400
107 , 3114033, 1141473280, 1128792064, 1123942400
108 , 3114083, 1141309440, 0      , 1123942400
109 , 3114133, 1141964800, 1133903872, 1123942400
110 , 3114183, 1141800960, 1133903872, 1123942400
111 , 3114233, 1141964800, 0      , 1123942400
112 , 3114283, 1141964800, 1120403456, 1123942400
113 , 3114333, 1141964800, 0      , 1123942400
114 , 3114383, 1142128640, 1120403456, 1123942400
115 , 3114433, 1142128640, 1120403456, 1123942400
116 , 3114483, 1142292480, 1120403456, 1123942400
117 , 3114533, 1141964800, -1027080192, 1123942400
118 , 3114583, 1142620160, 1128792064, 1123942400
119 , 3114633, 1142620160, 1137180672, 1123873587
120 , 3114683, 1142620160, 0      , 1123942400
121 , 3114733, 1142784000, 1120403456, 1123942400
122 , 3114783, 1142784000, 1120403456, 1123942400
123 , 3114833, 1142620160, -1027080192, 1123942400
124 , 3114883, 1142620160, -1027080192, 1123942400
125 , 3114933, 1142947840, 1128792064, 1123942400
126 , 3114983, 1142620160, 0      , 1123942400
127 , 3115033, 1143111680, 1120403456, 1123942400
128 , 3115083, 1143111680, 1133903872, 1123922739
129 , 3115133, 1143275520, 1120403456, 1123942400
130 , 3115183, 1143275520, 1120403456, 1123942400
131 , 3115233, 1143111680, -1027080192, 1123942400
132 , 3115283, 1143111680, -1027080192, 1123942400
133 , 3115333, 1143439360, 1128792064, 1123942400
134 , 3115383, 1143603200, 1133903872, 1123873587
135 , 3115433, 1143111680, -1018691584, 1123942400
136 , 3115483, 1143767040, 1120403456, 1123942400
137 , 3115533, 1143603200, 1133903872, 1123873587
138 , 3115583, 1143603200, -1027080192, 1123942400
139 , 3115633, 1143603200, 0      , 1123942400
140 , 3115683, 1143603200, 0      , 1123942400
141 , 3115733, 1143767040, 1120403456, 1123942400
142 , 3115783, 1143439360, -1027080192, 1123942400
143 , 3115833, 1144094720, 1128792064, 1123922739
144 , 3115883, 1143930880, 1133903872, 1123821158
145 , 3115933, 1143930880, -1027080192, 1123942400
146 , 3115983, 1143930880, 0      , 1123942400
147 , 3116033, 1143930880, 0      , 1123942400
148 , 3116083, 1144094720, 1120403456, 1123942400
149 , 3116133, 1144258560, 1128792064, 1123906355
150 , 3116183, 1144258560, 1120403456, 1123942400
151 , 3116233, 1144258560, 0      , 1123942400
152 , 3116283, 1144258560, 0      , 1123942400
153 , 3116333, 1143603200, -1010302976, 1123942400
154 , 3116383, 1144258560, 0      , 1123942400
155 , 3116433, 1144422400, 1140457472, 1123595059
156 , 3116483, 1144422400, 1120403456, 1123640934
157 , 3116533, 1144586240, 1120403456, 1123670425
158 , 3116583, 1144586240, 1120403456, 1123699916
159 , 3116633, 1144586240, 0      , 1123827711
160 , 3116683, 1144094720, -1013579776, 1123942400
161 , 3116733, 1144422400, -1027080192, 1123942400
162 , 3116783, 1144422400, 1128792064, 1123889971
163 , 3116833, 1144586240, 1120403456, 1123919462
164 , 3116883, 1144750080, 1128792064, 1123834265
165 , 3116933, 1144750080, 1120403456, 1123847372
166 , 3116983, 1144750080, 0      , 1123942400
167 , 3117033, 1144750080, 0      , 1123942400
168 , 3117083, 1144750080, 0      , 1123942400
169 , 3117133, 1144258560, -1013579776, 1123942400
170 , 3117183, 1144750080, 0      , 1123942400
171 , 3117233, 1144750080, 1133903872, 1123758899
172 , 3117283, 1144913920, 1120403456, 1123755622
173 , 3117333, 1145077760, 1128792064, 1123637657
174 , 3117383, 1144913920, 0      , 1123732684
175 , 3117433, 1144750080, -1018691584, 1123942400
176 , 3117483, 1144913920, 0      , 1123942400
177 , 3117533, 1145077760, 1128792064, 1123824435
178 , 3117583, 1144586240, -1018691584, 1123942400
179 , 3117633, 1145241600, 1120403456, 1123906355
180 , 3117683, 1145077760, 1133903872, 1123690086
181 , 3117733, 1144750080, -1013579776, 1123942400
182 , 3117783, 1144913920, -1027080192, 1123942400
183 , 3117833, 1145241600, 1133903872, 1123709747
184 , 3117883, 1145241600, 1128792064, 1123575398
185 , 3117933, 1145241600, 0      , 1123637657
186 , 3117983, 1145241600, 0      , 1123699916
187 , 3118033, 1145077760, -1027080192, 1123876863
188 , 3118083, 1145077760, -1027080192, 1123942400
189 , 3118133, 1144586240, -1013579776, 1123942400
190 , 3118183, 1145241600, 1120403456, 1123906355
191 , 3118233, 1145241600, 1137180672, 1123575398
192 , 3118283, 1145241600, 0      , 1123637657
193 , 3118333, 1145405440, 1120403456, 1123585228
194 , 3118383, 1145405440, 1120403456, 1123532799
195 , 3118433, 1145241600, -1027080192, 1123693362
196 , 3118483, 1145241600, -1027080192, 1123853925
197 , 3118533, 1145405440, 1120403456, 1123801496
198 , 3118583, 1144913920, -1018691584, 1123942400
199 , 3118633, 1145569280, 1120403456, 1123873587
200 , 3118683, 1145405440, 1133903872, 1123624550
201 , 3118733, 1145241600, -1018691584, 1123883417
202 , 3118783, 1145405440, 0      , 1123929292
203 , 3118833, 1145569280, 1128792064, 1123762175
204 , 3118883, 1145569280, 1120403456, 1123693362
205 , 3118933, 1145405440, -1027080192, 1123837541
206 , 3118983, 1145569280, 0      , 1123867032
207 , 3119033, 1144913920, -1013579776, 1123942400
208 , 3119083, 1145405440, -1027080192, 1123942400
209 , 3119134, 1145929086, 1142511064, 1123327402
210 , 3119184, 1145273726, -1028828868, 1123471638
211 , 3119234, 1145569280, -1017406544, 1123717013
212 , 3119284, 1145733120, 1133261352, 1123454484
213 , 3119334, 1145241600, -1018691584, 1123713351
214 , 3119384, 1145569280, -1027080192, 1123841146
215 , 3119434, 1145405440, 1120403456, 1123788717
216 , 3119484, 1145405440, -1027080192, 1123932896
217 , 3119534, 1145569280, 1120403456, 1123864083
218 , 3119584, 1146060800, 1137180672, 1123470867
219 , 3119634, 1145896960, 1128792064, 1123372563
220 , 3119684, 1145569280, -1013579776, 1123696966
221 , 3119734, 1145569280, -1018691584, 1123923065
222 , 3119784, 1144913920, -1010302976, 1123942400
223 , 3119834, 1145569280, 0      , 1123942400
224 , 3119884, 1145733120, 1140457472, 1123463987
225 , 3119934, 1145896960, 1128792064, 1123267379
226 , 3119984, 1145733120, 0      , 1123280486
227 , 3120034, 1145569280, -1018691584, 1123506585
228 , 3120084, 1145733120, 0      , 1123519692
229 , 3120134, 1145896960, 1128792064, 1123323084
230 , 3120184, 1145733120, 0      , 1123336191
231 , 3120234, 1145733120, -1027080192, 1123447602
232 , 3120284, 1145896960, 1120403456, 1123349298
233 , 3120334, 1145241600, -1013579776, 1123706469
234 , 3120384, 1145733120, -1027080192, 1123817880
235 , 3120434, 1145569280, 1128792064, 1123650763
236 , 3120484, 1145733120, 0      , 1123663870
237 , 3120534, 1145896960, 1128792064, 1123467262
238 , 3120584, 1146060800, 1128792064, 1123321608
239 , 3120634, 1145896960, 0      , 1123321608
240 , 3120684, 1145733120, -1018691584, 1123531323
241 , 3120734, 1145733120, -1027080192, 1123642734
242 , 3120784, 1145241600, -1013579776, 1123942400
243 , 3120834, 1146060800, 1128792064, 1123533700
244 , 3120884, 1145896960, 1137180672, 1123337092
245 , 3120934, 1146060800, 0      , 1123337092
246 , 3120984, 1145733120, -1027080192, 1123392798
247 , 3121034, 1145569280, -1013579776, 1123717201
248 , 3121084, 1145896960, 1120403456, 1123618897
249 , 3121134, 1145896960, 1128792064, 1123422289
250 , 3121184, 1146060800, 1120403456, 1123358392
251 , 3121234, 1146060800, 1120403456, 1123260088
252 , 3121284, 1145896960, -1027080192, 1123358392
253 , 3121334, 1145733120, -1018691584, 1123568107
254 , 3121384, 1145896960, 0      , 1123568107
255 , 3121434, 1145405440, -1018691584, 1123810590
256 , 3121484, 1145896960, 0      , 1123810590
257 , 3121534, 1146060800, 1137180672, 1123387883
258 , 3121584, 1146060800, 1120403456, 1123289579
259 , 3121634, 1145896960, -1027080192, 1123387883
260 , 3121684, 1145733120, -1018691584, 1123597598
261 , 3121734, 1145896960, 0      , 1123597598
262 , 3121784, 1146060800, 1128792064, 1123394436
263 , 3121834, 1146224640, 1128792064, 1123184721
264 , 3121884, 1145569280, -1013579776, 1123451780
265 , 3121934, 1145733120, -1013579776, 1123759799
266 , 3121984, 1145896960, 1128792064, 1123563191
267 , 3122034, 1145896960, 1120403456, 1123464887
268 , 3122084, 1145896960, 0      , 1123464887
269 , 3122134, 1146224640, 1128792064, 1123353476
270 , 3122184, 1146224640, 1128792064, 1123143761
271 , 3122234, 1146060800, -1027080192, 1123242065
272 , 3122284, 1145896960, -1018691584, 1123396074
273 , 3122334, 1145896960, -1027080192, 1123494378
274 , 3122384, 1145896960, 0      , 1123494378
275 , 3122434, 1145569280, -1018691584, 1123720477
276 , 3122484, 1146224640, 1128792064, 1123453418
277 , 3122534, 1146060800, 1133903872, 1123158506
278 , 3122584, 1146060800, -1027080192, 1123256810
279 , 3122634, 1145733120, -1018691584, 1123459972
280 , 3122684, 1145896960, -1027080192, 1123558276
281 , 3122734, 1146224640, 1133903872, 1123355114
282 , 3122784, 1146224640, 1128792064, 1123145399
283 , 3122834, 1146224640, 0      , 1123132292
284 , 3122884, 1145896960, -1018691584, 1123342007
285 , 3122934, 1145896960, -1018691584, 1123538615
286 , 3122984, 1146060800, 1120403456, 1123391159
287 , 3123034, 1145896960, 0      , 1123391159
288 , 3123084, 1145569280, -1013579776, 1123715562
289 , 3123134, 1146224640, 1128792064, 1123448503
290 , 3123184, 1146060800, 1133903872, 1123153591
291 , 3123234, 1146060800, -1027080192, 1123251895
292 , 3123284, 1145896960, -1027080192, 1123399351
293 , 3123334, 1145896960, -1027080192, 1123497655
294 , 3123384, 1146224640, 1128792064, 1123343646
295 , 3123434, 1146388480, 1133903872, 1123019243
296 , 3123484, 1146060800, -1027080192, 1123117547
297 , 3123534, 1145405440, -1005191168, 1123548446
298 , 3123584, 1146060800, 0      , 1123548446
299 , 3123634, 1146060800, 1137180672, 1123155230
300 , 3123684, 1146060800, 0      , 1123155230
301 , 3123734, 1146224640, 1120403456, 1123043819
302 , 3123784, 1146224640, 1120403456, 1122932408
303 , 3123834, 1146060800, -1027080192, 1123030712
304 , 3123884, 1146060800, -1027080192, 1123129016
305 , 3123934, 1145896960, -1027080192, 1123387883
306 , 3123984, 1145896960, -1027080192, 1123486187
307 , 3124034, 1146224640, 1128792064, 1123332178
308 , 3124084, 1145733120, -1027080192, 1123387884
309 , 3124134, 1146224640, 0      , 1123381330
310 , 3124184, 1146060800, 1128792064, 1123184722
311 , 3124234, 1146060800, -1027080192, 1123283026
312 , 3124284, 1146060800, 0      , 1123283026
313 , 3124334, 1146060800, 0      , 1123283026
314 , 3124384, 1146388480, 1128792064, 1123056927
315 , 3124434, 1146224640, 1120403456, 1122945516
316 , 3124484, 1145896960, -1013579776, 1123310879
317 , 3124534, 1145405440, -1007026176, 1123848274
318 , 3124584, 1146224640, 1128792064, 1123474719
319 , 3124634, 1146224640, 1140457472, 1122970092
320 , 3124684, 1146224640, 0      , 1122956985
321 , 3124734, 1146060800, -1027080192, 1123055289
322 , 3124784, 1145896960, -1018691584, 1123363308
323 , 3124834, 1146060800, 0      , 1123363308
324 , 3124884, 1145733120, -1027080192, 1123419014
325 , 3124934, 1146224640, 1120403456, 1123363308
326 , 3124984, 1146060800, 1128792064, 1123166700
327 , 3125034, 1146224640, 0      , 1123153593
328 , 3125084, 1146224640, 1120403456, 1123042182
329 , 3125134, 1146060800, -1027080192, 1123140486
330 , 3125184, 1146060800, -1027080192, 1123238790
331 , 3125234, 1146224640, 1120403456, 1123127379
332 , 3125284, 1146224640, 1120403456, 1123015968
333 , 3125334, 1145733120, -1013579776, 1123343648
334 , 3125384, 1146224640, 0      , 1123337094
335 , 3125434, 1146060800, 1128792064, 1123140486
336 , 3125484, 1146060800, -1027080192, 1123238790
337 , 3125534, 1146060800, 0      , 1123238790
338 , 3125584, 1146224640, 1120403456, 1123127379
339 , 3125634, 1146224640, 1120403456, 1123015968
340 , 3125684, 1146224640, 0      , 1123002861
341 , 3125734, 1146224640, 0      , 1122989754
342 , 3125784, 1145405440, -1007026176, 1123432122
343 , 3125834, 1145896960, -1018691584, 1123628730
344 , 3125884, 1146060800, 1137180672, 1123333818
345 , 3125934, 1146388480, 1133903872, 1123009415
346 , 3125984, 1146224640, 1120403456, 1122898004
347 , 3126034, 1146224640, -1027080192, 1122983201
348 , 3126084, 1146224640, 0      , 1122970094
349 , 3126134, 1145896960, -1018691584, 1123250260
350 , 3126184, 1146224640, 0      , 1123243706
351 , 3126234, 1146224640, 1128792064, 1123033991
352 , 3126284, 1146224640, 0      , 1123020884
353 , 3126334, 1145733120, -1013579776, 1123286304
354 , 3126384, 1146060800, -1027080192, 1123335456
355 , 3126434, 1146060800, 1128792064, 1123138848
356 , 3126484, 1146060800, 0      , 1123138848
357 , 3126534, 1146224640, 1120403456, 1123027437
358 , 3126584, 1146388480, 1128792064, 1122801338
359 , 3126634, 1146224640, 0      , 1122788231
360 , 3126684, 1145569280, -1007026176, 1123322349
361 , 3126734, 1146060800, -1027080192, 1123371501
362 , 3126784, 1146224640, 1137180672, 1122965178
363 , 3126834, 1146224640, 1120403456, 1122853767
364 , 3126884, 1146060800, -1027080192, 1122952071
365 , 3126934, 1146224640, 0      , 1122938964
366 , 3126984, 1146224640, 1120403456, 1122827553
367 , 3127034, 1146060800, -1027080192, 1122925857
368 , 3127084, 1146060800, -1027080192, 1123024161
369 , 3127134, 1145733120, -1018691584, 1123302688
370 , 3127186, 1146247128, 1121396208, 1123240924
371 , 3127236, 1146597296, 1140934394, 1122671038
372 , 3127286, 1146083288, -1026530910, 1122773462
373 , 3127336, 1146060800, -1012680256, 1123095360
374 , 3127386, 1146060800, -1050960896, 1123108853
375 , 3127436, 1146060800, 0      , 1123108853
376 , 3127486, 1146224640, 1120403456, 1122997442
377 , 3127536, 1145733120, -1018691584, 1123224040
378 , 3127586, 1146060800, -1027080192, 1123273192
379 , 3127636, 1146060800, 1128792064, 1123076584
380 , 3127686, 1146060800, 0      , 1123076584
381 , 3127736, 1146224640, 1120403456, 1122965173
382 , 3127786, 1146388480, 1128792064, 1122739074
383 , 3127836, 1146224640, 0      , 1122725967
384 , 3127886, 1146224640, -1027080192, 1122811164
385 , 3127936, 1146060800, -1027080192, 1122909468
386 , 3127986, 1145405440, -1007026176, 1123360028
387 , 3128036, 1146060800, 0      , 1123360028
388 , 3128086, 1146224640, 1140457472, 1122855401
389 , 3128136, 1146388480, 1128792064, 1122629302
390 , 3128186, 1146224640, 0      , 1122616195
391 , 3128236, 1146060800, -1018691584, 1122812803
392 , 3128286, 1145896960, -1018691584, 1123184720
393 , 3128336, 1146060800, 0      , 1123184720
394 , 3128386, 1146224640, 1128792064, 1122975005
395 , 3128436, 1145733120, -1018691584, 1123184720
396 , 3128486, 1146388480, 1120403456, 1123120822
397 , 3128536, 1146224640, 1133903872, 1122812803
398 , 3128586, 1146060800, -1018691584, 1123009411
399 , 3128636, 1146060800, -1027080192, 1123107715
400 , 3128686, 1146224640, 1120403456, 1122996304
401 , 3128736, 1146224640, 1120403456, 1122884893
402 , 3128786, 1146224640, 0      , 1122871786
403 , 3128836, 1146224640, 0      , 1122858679
404 , 3128886, 1145405440, -1007026176, 1123258448
405 , 3128936, 1146060800, -1027080192, 1123307600
406 , 3128986, 1146224640, 1140457472, 1122802973
407 , 3129036, 1146224640, 1120403456, 1122691562
408 , 3129086, 1146388480, 1120403456, 1122563767
409 , 3129136, 1146224640, 0      , 1122550660
410 , 3129186, 1146060800, -1018691584, 1122747268
411 , 3129236, 1145569280, -1010302976, 1123238788
412 , 3129286, 1146224640, 1120403456, 1123183082
413 , 3129336, 1146224640, 1137180672, 1122776759
414 , 3129386, 1146224640, 0      , 1122763652
415 , 3129436, 1146388480, 1120403456, 1122635857
416 , 3129486, 1145569280, -1010302976, 1123120823
417 , 3129536, 1146060800, -1018691584, 1123219127
418 , 3129586, 1146060800, 1133903872, 1122924215
419 , 3129636, 1146060800, 0      , 1122924215
420 , 3129686, 1146224640, 1120403456, 1122812804
421 , 3129736, 1146224640, 1120403456, 1122701393
422 , 3129786, 1146388480, 1120403456, 1122573598
423 , 3129836, 1146224640, 0      , 1122560491
424 , 3129886, 1146060800, -1018691584, 1122757099
425 , 3129936, 1145569280, -1010302976, 1123199466
426 , 3129986, 1146060800, 0      , 1123199466
427 , 3130036, 1146224640, 1137180672, 1122793143
428 , 3130086, 1146224640, 1120403456, 1122681732
429 , 3130136, 1146060800, -1027080192, 1122780036
430 , 3130186, 1146060800, -1027080192, 1122878340
431 , 3130236, 1146224640, 1120403456, 1122766929
432 , 3130286, 1146224640, 1120403456, 1122655518
433 , 3130336, 1146060800, -1027080192, 1122753822
434 , 3130386, 1146224640, 0      , 1122740715
435 , 3130436, 1146224640, 1120403456, 1122629304
436 , 3130486, 1146224640, 0      , 1122616197
437 , 3130536, 1146060800, -1027080192, 1122714501
438 , 3130586, 1145405440, -1007026176, 1123225681
439 , 3130636, 1146388480, 1128792064, 1123112632
440 , 3130686, 1146388480, 1142292480, 1122493317
441 , 3130736, 1146224640, -1027080192, 1122578514
442 , 3130786, 1146060800, -1018691584, 1122775122
443 , 3130836, 1145896960, -1018691584, 1123042181
444 , 3130886, 1146060800, 0      , 1123042181
445 , 3130936, 1146224640, 1128792064, 1122832466
446 , 3130986, 1146388480, 1128792064, 1122606367
447 , 3131036, 1146060800, -1027080192, 1122704671
448 , 3131086, 1145896960, -1013579776, 1123020882
449 , 3131136, 1145569280, -1013579776, 1123345285
450 , 3131186, 1146224640, 1128792064, 1123078226
451 , 3131236, 1146224640, 1137180672, 1122671903
452 , 3131286, 1146224640, 0      , 1122658796
453 , 3131336, 1146224640, 0      , 1122645689
454 , 3131386, 1146060800, -1027080192, 1122743993
455 , 3131436, 1146060800, -1027080192, 1122842297
456 , 3131486, 1146060800, 0      , 1122842297
457 , 3131536, 1146060800, 0      , 1122842297
458 , 3131586, 1145733120, -1018691584, 1123065119
459 , 3131636, 1146388480, 1128792064, 1122952070
460 , 3131686, 1146224640, 1133903872, 1122644051
461 , 3131736, 1146060800, -1018691584, 1122840659
462 , 3131786, 1145896960, -1018691584, 1122994668
463 , 3131836, 1146060800, 0      , 1122994668
464 , 3131886, 1146388480, 1133903872, 1122670265
465 , 3131936, 1146388480, 1128792064, 1122444166
466 , 3131986, 1146224640, -1027080192, 1122529363
467 , 3132036, 1145405440, -1005191168, 1123079865
468 , 3132086, 1146060800, -1027080192, 1123129017
469 , 3132136, 1146224640, 1140457472, 1122624390
470 , 3132186, 1146224640, 1120403456, 1122512979
471 , 3132236, 1146224640, 0      , 1122499872
472 , 3132286, 1146060800, -1027080192, 1122598176
473 , 3132336, 1146060800, -1027080192, 1122696480
474 , 3132386, 1146224640, 1120403456, 1122585069
475 , 3132436, 1146224640, 1120403456, 1122473658
476 , 3132486, 1145569280, -1010302976, 1123012691
477 , 3132536, 1146224640, 0      , 1123006138
478 , 3132586, 1146224640, 1137180672, 1122599815
479 , 3132636, 1146224640, 0      , 1122586708
480 , 3132686, 1146060800, -1027080192, 1122685012
481 , 3132736, 1145896960, -1018691584, 1122943879
482 , 3132786, 1146060800, 0      , 1122943879
483 , 3132836, 1146224640, 1128792064, 1122734164
484 , 3132886, 1146388480, 1128792064, 1122508065
485 , 3132936, 1145569280, -1010302976, 1122937326
486 , 3132986, 1146060800, -1018691584, 1123035630
487 , 3133036, 1146224640, 1137180672, 1122629307
488 , 3133086, 1146060800, 0      , 1122629307
489 , 3133136, 1146224640, 0      , 1122616200
490 , 3133186, 1146224640, 1120403456, 1122504789
491 , 3133236, 1146060800, -1027080192, 1122603093
492 , 3133286, 1146060800, -1027080192, 1122701397
493 , 3133336, 1146060800, 0      , 1122701397
494 , 3133386, 1145569280, -1013579776, 1123030715
495 , 3133436, 1146224640, 1120403456, 1122975010
496 , 3133486, 1146224640, 1137180672, 1122568687
497 , 3133536, 1146224640, 0      , 1122555580
498 , 3133586, 1146060800, -1027080192, 1122653884
499 , 3133636, 1145896960, -1018691584, 1122912751
500 , 3133686, 1146060800, 0      , 1122912751
501 , 3133736, 1146388480, 1133903872, 1122588348
502 , 3133786, 1146224640, 1120403456, 1122476937
503 , 3133836, 1145569280, -1007026176, 1122955350
504 , 3133886, 1146224640, 0      , 1122948796
505 , 3133936, 1146552320, 1142292480, 1122313097
506 , 3133986, 1146060800, -1027080192, 1122411401
507 , 3134036, 1145569280, -1005191168, 1122989756
508 , 3134086, 1146388480, 1128792064, 1122876706
509 , 3134136, 1146388480, 1140457472, 1122355695
510 , 3134186, 1146060800, -1018691584, 1122552303
511 , 3134236, 1145896960, -1013579776, 1122861960
512 , 3134286, 1145896960, -1027080192, 1122960264
513 , 3134336, 1146224640, 1128792064, 1122806254
514 , 3134386, 1146224640, 1128792064, 1122596539
515 , 3134436, 1146224640, 0      , 1122583432
516 , 3134486, 1145733120, -1013579776, 1122848852
517 , 3134536, 1146060800, -1027080192, 1122898004
518 , 3134586, 1146060800, 1128792064, 1122701396
519 , 3134636, 1146060800, 0      , 1122701396
520 , 3134686, 1146060800, 0      , 1122701396
521 , 3134736, 1146388480, 1128792064, 1122475297
522 , 3134786, 1146224640, 1120403456, 1122363886
523 , 3134836, 1146060800, -1018691584, 1122560494
524 , 3134886, 1146060800, -1027080192, 1122658798
525 , 3134936, 1145569280, -1013579776, 1122940602
526 , 3134986, 1146224640, 1120403456, 1122884896
527 , 3135036, 1146224640, 1137180672, 1122478573
528 , 3135086, 1146388480, 1120403456, 1122350778
529 , 3135136, 1145896960, -1018691584, 1122716141
530 , 3135186, 1145896960, -1013579776, 1123011053
531 , 3135236, 1146224640, 1128792064, 1122758740
532 , 3135286, 1146060800, 1120403456, 1122660436
533 , 3135336, 1146224640, 0      , 1122647329
534 , 3135386, 1145733120, -1018691584, 1122807892
535 , 3135436, 1146224640, 0      , 1122801338
536 , 3135486, 1146060800, 1128792064, 1122604730
537 , 3135536, 1145896960, -1018691584, 1122801338
538 , 3135586, 1146060800, 0      , 1122801338
539 , 3135636, 1145733120, -1027080192, 1122857044
540 , 3135686, 1146388480, 1128792064, 1122743994
541 , 3135736, 1146716160, 1142292480, 1122091911
542 , 3135786, 1146060800, -1018691584, 1122288519
543 , 3135836, 1145405440, -1001914368, 1122932410
544 , 3135886, 1146060800, 0      , 1122932410
545 , 3135936, 1146224640, 1140457472, 1122427783
546 , 3135986, 1146224640, 1120403456, 1122316372
547 , 3136036, 1146224640, 0      , 1122303265
548 , 3136086, 1146060800, -1027080192, 1122401569
549 , 3136136, 1146060800, -1027080192, 1122499873
550 , 3136186, 1146060800, 0      , 1122499873
551 , 3136236, 1146060800, 0      , 1122499873
552 , 3136286, 1145733120, -1018691584, 1122820999
553 , 3136336, 1146224640, 1120403456, 1122765294
554 , 3136386, 1146224640, 1133903872, 1122457275
555 , 3136436, 1146060800, -1027080192, 1122555579
556 , 3136486, 1145896960, -1018691584, 1122758740
557 , 3136536, 1146060800, 0      , 1122758740
558 , 3136586, 1146224640, 1128792064, 1122549025
559 , 3136636, 1145733120, -1018691584, 1122758740
560 , 3136686, 1146224640, 0      , 1122752186
561 , 3136736, 1146060800, 1128792064, 1122555578
562 , 3136786, 1145896960, -1018691584, 1122752186
563 , 3136836, 1146224640, 1120403456, 1122696480
564 , 3136886, 1146224640, 1128792064, 1122486765
565 , 3136936, 1146060800, -1027080192, 1122585069
566 , 3136986, 1146224640, 0      , 1122571962
567 , 3137036, 1146060800, 0      , 1122571962
568 , 3137086, 1146060800, -1027080192, 1122670266
569 , 3137136, 1146224640, 1120403456, 1122558855
570 , 3137186, 1145569280, -1013579776, 1122789869
571 , 3137236, 1146224640, 0      , 1122783316
572 , 3137286, 1146224640, 1137180672, 1122376993
573 , 3137336, 1146224640, 0      , 1122363886
574 , 3137386, 1146060800, -1027080192, 1122462190
575 , 3137436, 1145405440, -1007026176, 1122891450
576 , 3137486, 1146060800, 0      , 1122891450
577 , 3137536, 1146060800, 1137180672, 1122498234
578 , 3137586, 1146388480, 1128792064, 1122272135
579 , 3137636, 1146224640, 1120403456, 1122160724
580 , 3137686, 1145896960, -1013579776, 1122673543
581 , 3137736, 1146060800, -1027080192, 1122722695
582 , 3137786, 1146060800, 1120403456, 1122624391
583 , 3137836, 1146060800, 0      , 1122624391
584 , 3137886, 1146224640, 1120403456, 1122512980
585 , 3137936, 1146224640, 1120403456, 1122401569
586 , 3137986, 1146060800, -1027080192, 1122499873
587 , 3138036, 1146060800, -1027080192, 1122598177
588 , 3138086, 1145569280, -1013579776, 1122822638
589 , 3138136, 1146224640, 1120403456, 1122766932
590 , 3138186, 1146224640, 1137180672, 1122360609
591 , 3138236, 1146060800, -1027080192, 1122458913
592 , 3138286, 1146224640, 0      , 1122445806
593 , 3138336, 1146060800, 0      , 1122445806
594 , 3138386, 1145896960, -1018691584, 1122704673
595 , 3138436, 1146224640, 1120403456, 1122648968
596 , 3138486, 1146224640, 1128792064, 1122439253
597 , 3138536, 1145733120, -1013579776, 1122698120
598 , 3138586, 1146224640, 0      , 1122691566
599 , 3138636, 1146060800, 1128792064, 1122494958
600 , 3138686, 1145896960, -1018691584, 1122691566
601 , 3138736, 1145896960, -1027080192, 1122789870
602 , 3138786, 1146388480, 1133903872, 1122578516
603 , 3138836, 1146388480, 1133903872, 1122254113
604 , 3138886, 1146060800, -1018691584, 1122450721
605 , 3138936, 1146060800, -1018691584, 1122647329
606 , 3138986, 1145569280, -1013579776, 1122775124
607 , 3139036, 1146060800, 0      , 1122775124
608 , 3139086, 1146060800, 1133903872, 1122480212
609 , 3139136, 1146224640, 1120403456, 1122368801
610 , 3139186, 1146224640, 1120403456, 1122257390
611 , 3139236, 1146060800, -1027080192, 1122355694
612 , 3139286, 1146060800, -1027080192, 1122453998
613 , 3139336, 1146060800, 0      , 1122453998
614 , 3139386, 1146060800, 0      , 1122453998
615 , 3139436, 1145733120, -1018691584, 1122719418
616 , 3139486, 1146224640, 1120403456, 1122663712
617 , 3139536, 1146060800, 1128792064, 1122467104
618 , 3139586, 1146060800, -1027080192, 1122565408
619 , 3139636, 1146060800, 0      , 1122565408
620 , 3139686, 1146060800, 0      , 1122565408
621 , 3139736, 1146224640, 1120403456, 1122453997
622 , 3139786, 1146224640, 1120403456, 1122342586
623 , 3139836, 1146060800, -1027080192, 1122440890
624 , 3139886, 1146060800, -1027080192, 1122539194
625 , 3139936, 1146060800, 0      , 1122539194
626 , 3139987, 1145569280, -1013579776, 1122763654
627 , 3140037, 1145922660, -1028581870, 1122852436
628 , 3140087, 1146741860, 1144118590, 1122425935
629 , 3140137, 1146224640, 1127764064, 1122231640
630 , 3140187, 1145896960, -1006572568, 1122582258
631 , 3140237, 1146060800, -1027080192, 1122631410
632 , 3140287, 1145405440, -1013579776, 1122801804
633 , 3140337, 1146224640, 1120403456, 1122746098
634 , 3140387, 1146388480, 1142292480, 1122126783
635 , 3140437, 1146224640, 0      , 1122113676
636 , 3140487, 1146060800, -1018691584, 1122310284
637 , 3140537, 1145896960, -1018691584, 1122626495
638 , 3140587, 1146060800, 0      , 1122626495
639 , 3140637, 1146060800, 1120403456, 1122528191
640 , 3140687, 1146224640, 1120403456, 1122416780
641 , 3140737, 1145733120, -1018691584, 1122626495
642 , 3140787, 1146060800, -1027080192, 1122675647
643 , 3140837, 1146060800, 1128792064, 1122479039
644 , 3140887, 1146060800, 0      , 1122479039
645 , 3140937, 1146060800, 0      , 1122479039
646 , 3140987, 1146224640, 1120403456, 1122367628
647 , 3141037, 1146224640, 1120403456, 1122256217
648 , 3141087, 1146224640, 0      , 1122243110
649 , 3141137, 1146060800, -1027080192, 1122341414
650 , 3141187, 1145241600, -1005191168, 1122834572
651 , 3141237, 1146060800, 0      , 1122834572
652 , 3141287, 1146224640, 1142292480, 1122231641
653 , 3141337, 1146224640, 1120403456, 1122120230
654 , 3141387, 1146224640, 0      , 1122107123
655 , 3141437, 1146060800, -1027080192, 1122205427
656 , 3141487, 1145896960, -1018691584, 1122618304
657 , 3141537, 1146060800, 0      , 1122618304
658 , 3141587, 1146224640, 1128792064, 1122408589
659 , 3141637, 1145569280, -1013579776, 1122675648
660 , 3141687, 1146060800, -1027080192, 1122724800
661 , 3141738, 1146060800, 1133903872, 1122429888
662 , 3141788, 1145922660, -1029352882, 1122618786
663 , 3141838, 1146414180, 1129928409, 1122495929
664 , 3141888, 1146060800, 1118347456, 1122413045
665 , 3141938, 1145733120, -1009788976, 1122665358
666 , 3141988, 1146388480, 1128792064, 1122552308
667 , 3142038, 1146224640, 1133903872, 1122244289
668 , 3142088, 1145896960, -1013579776, 1122545754
669 , 3142138, 1145896960, -1018691584, 1122742362
670 , 3142188, 1146224640, 1128792064, 1122539200
671 , 3142238, 1146224640, 1128792064, 1122329485
672 , 3142288, 1146224640, 0      , 1122316378
673 , 3142338, 1146224640, 0      , 1122303271
674 , 3142388, 1145405440, -1007026176, 1122689933
675 , 3142438, 1145896960, -1018691584, 1122886541
676 , 3142488, 1146060800, 1137180672, 1122591629
677 , 3142538, 1146224640, 1128792064, 1122381914
678 , 3142588, 1146224640, 1120403456, 1122270503
679 , 3142638, 1145569280, -1010302976, 1122642420
680 , 3142688, 1146224640, 0      , 1122635866
681 , 3142738, 1146060800, 1133903872, 1122340954
682 , 3142788, 1145896960, -1018691584, 1122586714
683 , 3142838, 1146060800, 0      , 1122586714
684 , 3142888, 1146060800, 1120403456, 1122488410
685 , 3142938, 1146224640, 1120403456, 1122376999
686 , 3142988, 1146388480, 1128792064, 1122150900
687 , 3143038, 1146060800, -1027080192, 1122249204
688 , 3143088, 1145896960, -1013579776, 1122565415
689 , 3143138, 1146060800, 0      , 1122565415
690 , 3143188, 1145569280, -1018691584, 1122678464
691 , 3143238, 1146224640, 1120403456, 1122622758
692 , 3143288, 1146224640, 1137180672, 1122216435
693 , 3143338, 1145896960, -1018691584, 1122517900
694 , 3143388, 1145896960, -1018691584, 1122714508
695 , 3143438, 1146224640, 1128792064, 1122511346
696 , 3143488, 1146224640, 1128792064, 1122301631
697 , 3143538, 1145569280, -1010302976, 1122617842
698 , 3143588, 1146224640, 0      , 1122611288
699 , 3143638, 1146060800, 1133903872, 1122316376
700 , 3143688, 1145896960, -1018691584, 1122562136
701 , 3143738, 1146060800, 0      , 1122562136
702 , 3143788, 1146060800, 1120403456, 1122463832
703 , 3143838, 1146060800, 0      , 1122463832
704 , 3143888, 1146224640, 1120403456, 1122352421
705 , 3143938, 1146224640, 1120403456, 1122241010
706 , 3143988, 1145405440, -1007026176, 1122670270
707 , 3144038, 1146060800, -1027080192, 1122719422
708 , 3144088, 1146060800, 1137180672, 1122326206
709 , 3144138, 1146224640, 1120403456, 1122214795
710 , 3144188, 1146388480, 1128792064, 1121988696
711 , 3144238, 1146060800, -1027080192, 1122087000
712 , 3144288, 1146060800, -1018691584, 1122283608
713 , 3144338, 1145405440, -1010302976, 1122721060
714 , 3144388, 1145896960, -1027080192, 1122819364
715 , 3144438, 1146060800, 1137180672, 1122573604
716 , 3144488, 1146224640, 1128792064, 1122363889
717 , 3144538, 1146224640, 1120403456, 1122252478
718 , 3144588, 1146060800, -1027080192, 1122350782
719 , 3144638, 1146060800, -1027080192, 1122449086
720 , 3144688, 1146060800, 0      , 1122449086
721 , 3144738, 1145896960, -1027080192, 1122560497
722 , 3144788, 1146060800, 0      , 1122560497
723 , 3144838, 1146224640, 1128792064, 1122350782
724 , 3144888, 1145569280, -1013579776, 1122617841
725 , 3144938, 1146060800, -1027080192, 1122666993
726 , 3144988, 1145896960, 1128792064, 1122568689
727 , 3145038, 1146060800, 0      , 1122568689
728 , 3145088, 1146224640, 1128792064, 1122358974
729 , 3145138, 1146224640, 1120403456, 1122247563
730 , 3145188, 1146060800, -1027080192, 1122345867
731 , 3145238, 1145896960, -1018691584, 1122555582
732 , 3145288, 1146060800, 0      , 1122555582
733 , 3145338, 1145569280, -1018691584, 1122668632
734 , 3145388, 1146224640, 1120403456, 1122612926
735 , 3145438, 1146224640, 1137180672, 1122206603
736 , 3145488, 1146224640, 0      , 1122193496
737 , 3145538, 1146060800, -1027080192, 1122291800
738 , 3145588, 1145896960, -1018691584, 1122550667
739 , 3145638, 1146060800, 0      , 1122550667
740 , 3145688, 1145569280, -1018691584, 1122663716
741 , 3145738, 1146060800, 0      , 1122663716
742 , 3145788, 1146060800, 1133903872, 1122368804
743 , 3145838, 1146224640, 1120403456, 1122257393
744 , 3145888, 1146060800, 0      , 1122257393
745 , 3145938, 1145896960, -1018691584, 1122558858
746 , 3145988, 1146060800, 0      , 1122558858
747 , 3146038, 1146224640, 1128792064, 1122349143
748 , 3146088, 1146224640, 1120403456, 1122237732
749 , 3146138, 1146060800, -1027080192, 1122336036
750 , 3146188, 1146060800, -1027080192, 1122434340
751 , 3146238, 1145405440, -1010302976, 1122716144
752 , 3146288, 1146060800, 0      , 1122716144
753 , 3146338, 1146224640, 1140457472, 1122211517
754 , 3146388, 1146224640, 1120403456, 1122100106
755 , 3146438, 1146224640, 0      , 1122086999
756 , 3146488, 1146060800, -1027080192, 1122185303
757 , 3146538, 1145896960, -1018691584, 1122549028
758 , 3146588, 1145405440, -1010302976, 1122988119
759 , 3146638, 1146060800, 1120403456, 1122719422
760 , 3146688, 1146060800, 1137180672, 1122326206
761 , 3146738, 1146060800, 0      , 1122326206
762 , 3146788, 1146224640, 1120403456, 1122214795
763 , 3146838, 1146060800, 0      , 1122214795
764 , 3146888, 1145896960, -1018691584, 1122565412
765 , 3146938, 1146224640, 1120403456, 1122509706
766 , 3146988, 1146224640, 1128792064, 1122299991
767 , 3147038, 1145569280, -1010302976, 1122616202
768 , 3147088, 1146060800, -1027080192, 1122665354
769 , 3147138, 1145896960, 1128792064, 1122567050
770 , 3147188, 1145896960, -1027080192, 1122665354
771 , 3147238, 1146060800, 1120403456, 1122567050
772 , 3147288, 1146224640, 1128792064, 1122357335
773 , 3147338, 1146224640, 1120403456, 1122245924
774 , 3147388, 1146224640, 0      , 1122232817
775 , 3147438, 1145896960, -1018691584, 1122498238
776 , 3147488, 1145896960, -1018691584, 1122694846
777 , 3147538, 1146060800, 1120403456, 1122547390
778 , 3147588, 1145405440, -1013579776, 1122717784
779 , 3147638, 1146224640, 1120403456, 1122662078
780 , 3147688, 1146224640, 1140457472, 1122157451
781 , 3147738, 1146224640, 0      , 1122144344
782 , 3147788, 1146060800, -1027080192, 1122242648
783 , 3147838, 1145733120, -1013579776, 1122606372
784 , 3147888, 1145896960, -1027080192, 1122704676
785 , 3147938, 1146224640, 1133903872, 1122501514
786 , 3147988, 1146388480, 1133903872, 1122177111
787 , 3148038, 1146060800, -1027080192, 1122275415
788 , 3148088, 1145896960, -1013579776, 1122535920
789 , 3148138, 1145896960, -1027080192, 1122634224
790 , 3148188, 1145896960, 0      , 1122634224
791 , 3148238, 1145569280, -1018691584, 1122860323
792 , 3148288, 1146224640, 1128792064, 1122593264
793 , 3148338, 1146224640, 1137180672, 1122186941
794 , 3148388, 1146060800, -1027080192, 1122285245
795 , 3148438, 1146060800, -1027080192, 1122383549
796 , 3148488, 1145405440, -1010302976, 1122707952
797 , 3148538, 1146060800, 0      , 1122707952
798 , 3148588, 1146224640, 1140457472, 1122203325
799 , 3148638, 1146224640, 1120403456, 1122091914
800 , 3148688, 1146224640, 0      , 1122078807
801 , 3148738, 1145896960, -1018691584, 1122491684
802 , 3148788, 1145733120, -1013579776, 1122799703
803 , 3148838, 1146060800, 1120403456, 1122596542
804 , 3148888, 1146224640, 1133903872, 1122288523
805 , 3148938, 1145569280, -1013579776, 1122604734
806 , 3148988, 1146060800, -1027080192, 1122653886
807 , 3149038, 1146060800, 1133903872, 1122358974
808 , 3149088, 1146060800, 0      , 1122358974
809 , 3149138, 1145896960, -1027080192, 1122555582
810 , 3149188, 1146060800, 0      , 1122555582
811 , 3149238, 1146224640, 1128792064, 1122345867
812 , 3149288, 1146060800, 0      , 1122345867
813 , 3149338, 1145896960, -1018691584, 1122549028
814 , 3149388, 1146060800, 0      , 1122549028
815 , 3149438, 1146060800, 1120403456, 1122450724
816 , 3149488, 1145896960, -1027080192, 1122549028
817 , 3149538, 1146224640, 1120403456, 1122493322
818 , 3149588, 1145569280, -1018691584, 1122606372
819 , 3149638, 1146060800, -1027080192, 1122655524
820 , 3149688, 1146060800, 1133903872, 1122360612
821 , 3149738, 1145896960, -1027080192, 1122557220
822 , 3149788, 1145896960, -1027080192, 1122655524
823 , 3149838, 1146060800, 1120403456, 1122557220
824 , 3149888, 1146224640, 1128792064, 1122347505
825 , 3149938, 1146060800, 0      , 1122347505
826 , 3149988, 1146060800, -1027080192, 1122445809
827 , 3150038, 1145405440, -1010302976, 1122721060
828 , 3150088, 1145896960, -1027080192, 1122819364
829 , 3150138, 1146060800, 1137180672, 1122573604
830 , 3150188, 1146224640, 1128792064, 1122363889
831 , 3150238, 1146224640, 1120403456, 1122252478
832 , 3150288, 1145896960, -1018691584, 1122511345
833 , 3150338, 1145896960, -1018691584, 1122707953
834 , 3150388, 1146060800, 1120403456, 1122560497
835 , 3150438, 1146060800, 1120403456, 1122462193
836 , 3150488, 1145569280, -1013579776, 1122673546
837 , 3150538, 1146060800, 0      , 1122673546
838 , 3150588, 1146060800, 1133903872, 1122378634
839 , 3150638, 1146060800, 0      , 1122378634
840 , 3150688, 1145896960, -1027080192, 1122575242
841 , 3150738, 1146060800, 0      , 1122575242
842 , 3150788, 1146224640, 1128792064, 1122365527
843 , 3150838, 1146060800, 0      , 1122365527
844 , 3150888, 1145896960, -1018691584, 1122568688
845 , 3150938, 1145896960, -1027080192, 1122666992
846 , 3150988, 1146060800, 1120403456, 1122568688
847 , 3151038, 1146060800, 1120403456, 1122470384
848 , 3151088, 1146060800, 0      , 1122470384
849 , 3151138, 1146060800, 0      , 1122470384
850 , 3151188, 1146060800, 0      , 1122470384
851 , 3151238, 1145405440, -1010302976, 1122739082
852 , 3151288, 1146060800, 0      , 1122739082
853 , 3151338, 1146060800, 1137180672, 1122345866
854 , 3151388, 1145896960, -1027080192, 1122591626
855 , 3151438, 1146224640, 1120403456, 1122535920
856 , 3151488, 1146224640, 1128792064, 0      
857 , 3151538, 1146060800, -1027080192, 0      
858 , 3151588, 1144586240, -998637568, 0      
859 , 3151638, 1142456320, -989233152, 0      
860 , 3151688, 1144094720, -1013579776, 0      
861 , 3151738, 1147699200, 1162346496, 0      
862 , 3151788, 1147043840, 1155596288, 0      
863 , 3151838, 1145405440, -995164160, 0      
864 , 3151888, 1143603200, -989642752, 0      
865 , 3151938, 1144422400, -1005191168, 0      
866 , 3151988, 1146552320, 1155596288, 0      
867 , 3152038, 1145896960, 1147207680, 0      
868 , 3152088, 1144422400, -995983360, 0      
869 , 3152138, 1144094720, -997621760, 0      
870 , 3152188, 1145733120, 1145569280, 0      
871 , 3152238, 1145405440, 1145569280, 0      
872 , 3152288, 1143930880, -997621760, 0      
873 , 3152338, 1144422400, -1005191168, 0      
874 , 3152388, 1145569280, 1148846080, 0      
875 , 3152438, 1144586240, 1120403456, 0      
876 , 3152488, 1144422400, -1003552768, 0      
877 , 3152538, 1145077760, 1133903872, 0      
878 , 3152588, 1144258560, -1027080192, 0      
879 , 3152638, 1144094720, -1005191168, 0      
880 , 3152688, 1144422400, 1120403456, 0      
881 , 3152738, 1144258560, 1120403456, 0      
882 , 3152788, 1144094720, -1018691584, 0      
883 , 3152838, 1144422400, 1120403456, 0      
884 , 3152888, 1144094720, 0      , 0      
885 , 3152938, 1143930880, -1013579776, 0      
886 , 3152988, 1143930880, -1027080192, 0      
887 , 3153038, 1143930880, 0      , 0      
888 , 3153088, 1143767040, -1027080192, 0      
889 , 3153138, 1143930880, 0      , 0      
890 , 3153188, 1144094720, 1128792064, 0      
891 , 3153238, 1143767040, -1027080192, 0      
892 , 3153288, 1143603200, -1013579776, 0      
893 , 3153338, 1143111680, -1010302976, 0      
894 , 3153388, 1143275520, -1018691584, 0      
895 , 3153438, 1143275520, 1120403456, 0      
896 , 3153488, 1143439360, 1120403456, 0      
897 , 3153538, 1143603200, 1128792064, 0      
898 , 3153588, 1143275520, -1027080192, 0      
899 , 3153638, 1143111680, -1013579776, 0      
900 , 3153688, 1143111680, -1027080192, 0      
901 , 3153738, 1143111680, 0      , 0      
902 , 3153788, 1142620160, -1013579776, 0      
903 , 3153838, 1142784000, -1018691584, 0      
904 , 3153888, 1142784000, 1120403456, 0      
905 , 3153938, 1142947840, 1120403456, 0      
906 , 3153988, 1142784000, 0      , 0      
907 , 3154038, 1142620160, -1018691584, 0      
908 , 3154088, 1142784000, 0      , 0      
909 , 3154138, 1142456320, -1027080192, 0      
910 , 3154188, 1142456320, -1018691584, 0      
911 , 3154238, 1141964800, -1013579776, 0      
912 , 3154288, 1142128640, -1018691584, 0      
913 , 3154338, 1142292480, 1128792064, 0      
914 , 3154388, 1142456320, 1128792064, 0      
915 , 3154438, 1142456320, 1120403456, 0      
916 , 3154488, 1142128640, -1018691584, 0      
917 , 3154538, 1142128640, -1018691584, 0      
918 , 3154588, 1141800960, -1018691584, 0      
919 , 3154638, 1141473280, -1010302976, 0      
920 , 3154688, 1141964800, 1120403456, 0      
921 , 3154738, 1141800960, 1128792064, 0      
922 , 3154788, 1141964800, 0      , 0      
923 , 3154838, 1141964800, 1120403456, 0      
924 , 3154888, 1141473280, -1013579776, 0      
925 , 3154938, 1141637120, -1018691584, 0      
926 , 3154988, 1140981760, -1013579776, 0      
927 , 3155038, 1141473280, -1027080192, 0      
928 , 3155088, 1141637120, 1137180672, 0      
929 , 3155138, 1141145600, -1018691584, 0      
930 , 3155188, 1141145600, -1013579776, 0      
931 , 3155238, 1141145600, 0      , 0      
932 , 3155288, 1141145600, 0      , 0      
933 , 3155338, 1141145600, 0      , 0      
934 , 3155388, 1141145600, 0      , 0      
935 , 3155438, 1140785152, -1018691584, 0      
936 , 3155488, 1140785152, -1018691584, 0      
937 , 3155538, 1140785152, 0      , 0      
938 , 3155588, 1140785152, 0      , 0      
939 , 3155638, 1140457472, -1027080192, 0      
940 , 3155688, 1140457472, -1027080192, 0      
941 , 3155738, 1140457472, 0      , 0      
942 , 3155788, 1140129792, -1027080192, 0      
943 , 3155838, 1140457472, 0      , 0      
944 , 3155888, 1140129792, 0      , 0      
945 , 3155938, 1140129792, -1027080192, 0      
946 , 3155988, 1139802112, -1027080192, 0      
947 , 3156038, 1139802112, -1027080192, 0      
948 , 3156088, 1139146752, -1018691584, 0      
949 , 3156138, 1139146752, -1018691584, 0      
950 , 3156188, 1139474432, 1120403456, 0      
951 , 3156238, 1139146752, 0      , 0      
952 , 3156288, 1139146752, -1027080192, 0      
953 , 3156338, 1139474432, 1120403456, 0      
954 , 3156388, 1139146752, 0      , 0      
955 , 3156438, 1138163712, -1010302976, 0      
956 , 3156488, 1139146752, 0      , 0      
957 , 3156538, 1138491392, 1120403456, 0      
958 , 3156588, 1138491392, -1018691584, 0      
959 , 3156638, 1138819072, 1120403456, 0      
960 , 3156688, 1138163712, -1027080192, 0      
961 , 3156738, 1137836032, -1013579776, 0      
962 , 3156788, 1137508352, -1018691584, 0      
963 , 3156838, 1137836032, 0      , 0      
964 , 3156888, 1137508352, 0      , 0      
965 , 3156938, 1137836032, 0      , 0      
966 , 3156988, 1138163712, 1128792064, 0      
967 , 3157038, 1137836032, 0      , 0      
968 , 3157088, 1137508352, -1018691584, 0      
969 , 3157138, 1137508352, -1027080192, 0      
970 , 3157188, 1137180672, -1027080192, 0      
971 , 3157238, 1136525312, -1013579776, 0      
972 , 3157288, 1137180672, 0      , 0      
973 , 3157338, 1136852992, 1120403456, 0      
974 , 3157388, 1136525312, -1018691584, 0      
975 , 3157438, 1136197632, -1018691584, 0      
976 , 3157488, 1136197632, -1027080192, 0      
977 , 3157538, 1136852992, 1128792064, 0      
978 , 3157588, 1136525312, 1120403456, 0      
979 , 3157638, 1136197632, -1018691584, 0      
980 , 3157688, 1136525312, 0      , 0      
981 , 3157738, 1136525312, 1120403456, 0      
982 , 3157788, 1135542272, -1013579776, 0      
983 , 3157838, 1135869952, -1018691584, 0      
984 , 3157888, 1135542272, 0      , 0      
985 , 3157938, 1135542272, -1027080192, 0      
986 , 3157988, 1135542272, 0      , 0      
987 , 3158038, 1135214592, -1027080192, 0      
988 , 3158088, 1135214592, -1027080192, 0      
989 , 3158138, 1134886912, -1027080192, 0      
990 , 3158188, 1134886912, -1027080192, 0      
991 , 3158238, 1134559232, -1027080192, 0      
992 , 3158288, 1135214592, 1120403456, 0      
993 , 3158338, 1135214592, 1128792064, 0      
994 , 3158388, 1134886912, -1027080192, 0      
995 , 3158438, 1134559232, -1018691584, 0      
996 , 3158488, 1134559232, -1027080192, 0      
997 , 3158538, 1134559232, 0      , 0      
998 , 3158588, 1133903872, -1018691584, 0      
999 , 3158638, 1134231552, -1027080192, 0      
1000, 3158688, 1133903872, 0      , 0      
1001, 3158738, 1133903872, -1027080192, 0      
1002, 3158788, 1133903872, 0      , 0      
1003, 3158838, 1133903872, 0      , 0      
1004, 3158888, 1133903872, 0      , 0      
1005, 3158938, 1133248512, -1018691584, 0      
1006, 3158988, 1133248512, -1018691584, 0      
1007, 3159038, 1133248512, 0      , 0      
1008, 3159088, 1133248512, 0      , 0      
1009, 3159138, 1132920832, -1027080192, 0      
1010, 3159188, 1132920832, -1027080192, 0      
1011, 3159238, 1132920832, 0      , 0      
1012, 3159288, 1133248512, 1120403456, 0      
1013, 3159338, 1133248512, 1120403456, 0      
1014, 3159388, 1132593152, -1018691584, 0      
1015, 3159438, 1132593152, -1018691584, 0      
1016, 3159488, 1132593152, 0      , 0      
1017, 3159538, 1132593152, 0      , 0      
1018, 3159588, 1132068864, -1027080192, 0      
1019, 3159638, 1131413504, -1018691584, 0      
1020, 3159688, 1131413504, -1027080192, 0      
1021, 3159738, 1131413504, 0      , 0      
1022, 3159788, 1131413504, 0      , 0      
1023, 3159838, 1131413504, 0      , 0      
1024, 3159888, 1130758144, -1027080192, 0      
1025, 3159938, 1130758144, -1027080192, 0      
1026, 3159988, 1130758144, 0      , 0      
1027, 3160038, 1129447424, -1018691584, 0      
1028, 3160088, 1130102784, -1027080192, 0      
1029, 3160138, 1130102784, 1120403456, 0      
1030, 3160188, 1129447424, -1027080192, 0      
1031, 3160238, 1129447424, -1027080192, 0      
1032, 3160288, 1129447424, 0      , 0      
1033, 3160338, 1129447424, 0      , 0      
1034, 3160388, 1129447424, 0      , 0      
1035, 3160438, 1129447424, 0      , 0      
1036, 3160488, 1128792064, -1027080192, 0      
1037, 3160538, 1128792064, -1027080192, 0      
1038, 3160588, 1128792064, 0      , 0      
1039, 3160638, 1128136704, -1027080192, 0      
1040, 3160688, 1127481344, -1018691584, 0      
1041, 3160738, 1127481344, -1027080192, 0      
1042, 3160788, 1127481344, 0      , 0      
1043, 3160838, 1128136704, 1120403456, 0      
1044, 3160888, 1127481344, 0      , 0      
1045, 3160938, 1126825984, -1018691584, 0      
1046, 3160988, 1126825984, -1027080192, 0      
1047, 3161038, 1126170624, -1027080192, 0      
1048, 3161088, 1126170624, -1027080192, 0      
1049, 3161138, 1125515264, -1027080192, 0      
1050, 3161188, 1125515264, -1027080192, 0      
1051, 3161238, 1126170624, 1120403456, 0      
1052, 3161288, 1125515264, 0      , 0      
1053, 3161338, 1124859904, -1018691584, 0      
1054, 3161388, 1126170624, 1120403456, 0      
1055, 3161438, 1125515264, 1120403456, 0      
1056, 3161488, 1124204544, -1013579776, 0      
1057, 3161538, 1124859904, -1027080192, 0      
1058, 3161588, 1124859904, 1120403456, 0      
1059, 3161638, 1124204544, -1027080192, 0      
1060, 3161688, 1124204544, -1027080192, 0      
1061, 3161738, 1124204544, 0      , 0      
1062, 3161788, 1124204544, 0      , 0      
1063, 3161838, 1124204544, 0      , 0      
1064, 3161888, 1123024896, -1027080192, 0      
1065, 3161938, 1121714176, -1018691584, 0      
1066, 3161988, 1123024896, 0      , 0      
1067, 3162038, 1123024896, 1120403456, 0      
1068, 3162088, 1120403456, -1018691584, 0      
1069, 3162138, 1121714176, -1027080192, 0      
1070, 3162188, 1121714176, 1120403456, 0      
1071, 3162238, 1119092736, -1018691584, 0      
1072, 3162288, 1120403456, -1027080192, 0      
1073, 3162338, 1120403456, 1120403456, 0      
1074, 3162388, 1119092736, -1027080192, 0      
1075, 3162438, 1119092736, -1027080192, 0      
1076, 3162488, 1117782016, -1027080192, 0      
1077, 3162538, 1119092736, 0      , 0      
1078, 3162588, 1117782016, 0      , 0      
1079, 3162638, 1116471296, -1018691584, 0      
1080, 3162688, 1117782016, 0      , 0      
1081, 3162738, 1116471296, 0      , 0      
1082, 3162788, 1116471296, -1027080192, 0      
1083, 3162838, 1116471296, 0      , 0      
1084, 3162888, 1114636288, -1027080192, 0      
1085, 3162938, 1114636288, -1027080192, 0      
1086, 3162988, 1114636288, 0      , 0      
1087, 3163038, 1114636288, 0      , 0      
1088, 3163088, 1114636288, 0      , 0      
1089, 3163138, 1112014848, -1027080192, 0      
1090, 3163188, 1109393408, -1018691584, 0      
1091, 3163238, 1112014848, 0      , 0      
1092, 3163288, 1109393408, 0      , 0      
1093, 3163338, 1109393408, -1027080192, 0      
1094, 3163388, 1109393408, 0      , 0      
1095, 3163438, 1106247680, -1027080192, 0      
1096, 3163488, 1109393408, 0      , 0      
1097, 3163538, 1106247680, 0      , 0      
1098, 3163588, 1101004800, -1018691584, 0      
1099, 3163638, 1106247680, 0      , 0      
1100, 3163688, 1106247680, 1120403456, 0      
1101, 3163738, 1092616192, -1018691584, 0      
1102, 3163788, 1092616192, -1018691584, 0      
1103, 3163838, 1101004800, 1120403456, 0      
1104, 3163888, 1092616192, 0      , 0      
1105, 3163938, 0      , -1018691584, 0      
1106, 3163988, 0      , -1027080192, 0      
1107, 3164038, 0      , 0      , 0      
1108, 3164088, 0      , 0      , 0      
1109, 3164138, 0      , 0      , 0      
1110, 3164188, 0      , 0      , 0      
1111, 3164238, 0      , 0      , 0      
1112, 3164288, 0      , 0      , 0      
1113, 3164338, 0      , 0      , 0      
1114, 3164388, 0      , 0      , 0      
1115, 3164438, 0      , 0      , 0      
1116, 3164488, 0      , 0      , 0      
1117, 3164538, 0      , 0      , 0      
1118, 3164588, 0      , 0      , 0      
1119, 3164638, 0      , 0      , 0      
1120, 3164688, 0      , 0      , 0      
1121, 3164738, 0      , 0      , 0      
1122, 3164788, 0      , 0      , 0      
1123, 3164838, 0      , 0      , 0      
1124, 3164888, 0      , 0      , 0      
1125, 3164938, 0      , 0      , 0      
1126, 3164988, 0      , 0      , 0      
