0,3108.683,0,0,0
1,3108.733,0,0,0
2,3108.783,0,0,0
3,3108.833,0,0,0
4,3108.883,0,0,0
5,3108.933,0,0,0
6,3108.983,0,0,0
7,3109.033,0,0,0
8,3109.083,0,0,0
9,3109.133,0,0,0
10,3109.183,0,0,0
11,3109.233,0,0,0
12,3109.283,0,0,0
13,3109.333,0,0,0
14,3109.383,0,0,0
15,3109.433,0,0,0
16,3109.483,0,0,0
17,3109.533,0,0,0
18,3109.583,0,0,0
19,3109.633,0,0,0
20,3109.683,0,0,0
21,3109.733,0,0,0
22,3109.783,0,0,0
23,3109.833,0,0,0
24,3109.883,0,0,0
25,3109.933,0,0,0
26,3109.983,0,0,0
27,3110.033,0,0,0
28,3110.083,0,0,0
29,3110.133,0,0,0
30,3110.183,0,0,0
31,3110.233,0,0,0
32,3110.283,0,0,0
33,3110.333,0,0,0
34,3110.383,0,0,0
35,3110.433,0,0,0
36,3110.483,0,0,0
37,3110.533,0,0,0
38,3110.583,0,0,0
39,3110.633,0,0,0
40,3110.683,0,0,0
41,3110.733,0,0,0
42,3110.783,0,0,0
43,3110.833,0,0,0
44,3110.883,0,0,0
45,3110.933,0,0,0
46,3110.983,0,0,10.225000381469727
47,3111.033,0,0,20.450000762939453
48,3111.083,10,100,29.80000114440918
49,3111.133,100,1000,31.275001525878906
50,3111.183,190,1800,25.625001907348633
51,3111.233,100,0,34.60000228881836
52,3111.283,0,-1900,59.07500457763672
53,3111.333,30,-700,74.17500305175781
54,3111.383,50,500,80.0250015258789
55,3111.433,50,200,88.125
56,3111.483,60,100,96.8499984741211
57,3111.533,60,100,105.57499694824219
58,3111.583,80,200,113.29999542236328
59,3111.633,100,400,119.27499389648438
60,3111.683,110,300,125.87499237060547
61,3111.733,120,200,127
62,3111.783,140,300,127
63,3111.833,160,400,127
64,3111.883,160,200,127
65,3111.933,170,100,127
66,3111.983,190,300,127
67,3112.033,210,400,127
68,3112.083,210,200,127
69,3112.133,220,100,127
70,3112.183,240,300,127
71,3112.233,260,400,127
72,3112.283,270,300,127
73,3112.333,280,200,127
74,3112.383,290,200,127
75,3112.433,300,200,127
76,3112.483,320,300,127
77,3112.533,340,400,127
78,3112.583,340,200,127
79,3112.633,320,-200,127
80,3112.683,350,100,127
81,3112.733,360,400,127
82,3112.783,370,200,127
83,3112.833,380,200,127
84,3112.883,380,100,127
85,3112.933,400,200,127
86,3112.983,410,300,127
87,3113.033,420,200,127
88,3113.083,420,100,127
89,3113.133,440,200,127
90,3113.183,440,200,127
91,3113.233,450,100,127
92,3113.283,460,200,127
93,3113.333,460,100,127
94,3113.383,470,100,127
95,3113.433,480,200,127
96,3113.483,480,100,127
97,3113.533,490,100,127
98,3113.583,500,200,127
99,3113.633,490,0,127
100,3113.683,520,200,127
101,3113.733,520,300,127
102,3113.783,530,100,127
103,3113.833,540,200,127
104,3113.883,540,100,127
105,3113.933,530,-100,127
106,3113.983,540,0,127
107,3114.033,550,200,127
108,3114.083,540,0,127
109,3114.133,580,300,127
110,3114.183,570,300,127
111,3114.233,580,0,127
112,3114.283,580,100,127
113,3114.333,580,0,127
114,3114.383,590,100,127
115,3114.433,590,100,127
116,3114.483,600,100,127
117,3114.533,580,-100,127
118,3114.583,620,200,127
119,3114.633,620,400,126.4749984741211
120,3114.683,620,0,127
121,3114.733,630,100,127
122,3114.783,630,100,127
123,3114.833,620,-100,127
124,3114.883,620,-100,127
125,3114.933,640,200,127
126,3114.983,620,0,127
127,3115.033,650,100,127
128,3115.083,650,300,126.8499984741211
129,3115.133,660,100,127
130,3115.183,660,100,127
131,3115.233,650,-100,127
132,3115.283,650,-100,127
133,3115.333,670,200,127
134,3115.383,680,300,126.4749984741211
135,3115.433,650,-200,127
136,3115.483,690,100,127
137,3115.533,680,300,126.4749984741211
138,3115.583,680,-100,127
139,3115.633,680,0,127
140,3115.683,680,0,127
141,3115.733,690,100,127
142,3115.783,670,-100,127
143,3115.833,710,200,126.8499984741211
144,3115.883,700,300,126.07499694824219
145,3115.933,700,-100,127
146,3115.983,700,0,127
147,3116.033,700,0,127
148,3116.083,710,100,127
149,3116.133,720,200,126.7249984741211
150,3116.183,720,100,127
151,3116.233,720,0,127
152,3116.283,720,0,127
153,3116.333,680,-400,127
154,3116.383,720,0,127
155,3116.433,730,500,124.3499984741211
156,3116.483,730,100,124.69999694824219
157,3116.533,740,100,124.92499542236328
158,3116.583,740,100,125.14999389648438
159,3116.633,740,0,126.12499237060547
160,3116.683,710,-300,127
161,3116.733,730,-100,127
162,3116.783,730,200,126.5999984741211
163,3116.833,740,100,126.82499694824219
164,3116.883,750,200,126.17499542236328
165,3116.933,750,100,126.27499389648438
166,3116.983,750,0,127
167,3117.033,750,0,127
168,3117.083,750,0,127
169,3117.133,720,-300,127
170,3117.183,750,0,127
171,3117.233,750,300,125.5999984741211
172,3117.283,760,100,125.57499694824219
173,3117.333,770,200,124.67499542236328
174,3117.383,760,0,125.39999389648438
175,3117.433,750,-200,127
176,3117.483,760,0,127
177,3117.533,770,200,126.0999984741211
178,3117.583,740,-200,127
179,3117.633,780,100,126.7249984741211
180,3117.683,770,300,125.07499694824219
181,3117.733,750,-300,127
182,3117.783,760,-100,127
183,3117.833,780,300,125.2249984741211
184,3117.883,780,200,124.19999694824219
185,3117.933,780,0,124.67499542236328
186,3117.983,780,0,125.14999389648438
187,3118.033,770,-100,126.49999237060547
188,3118.083,770,-100,127
189,3118.133,740,-300,127
190,3118.183,780,100,126.7249984741211
191,3118.233,780,400,124.19999694824219
192,3118.283,780,0,124.67499542236328
193,3118.333,790,100,124.27499389648438
194,3118.383,790,100,123.87499237060547
195,3118.433,780,-100,125.09999084472656
196,3118.483,780,-100,126.32498931884766
197,3118.533,790,100,125.92498779296875
198,3118.583,760,-200,127
199,3118.633,800,100,126.4749984741211
200,3118.683,790,300,124.57499694824219
201,3118.733,780,-200,126.54999542236328
202,3118.783,790,0,126.89999389648438
203,3118.833,800,200,125.62499237060547
204,3118.883,800,100,125.09999084472656
205,3118.933,790,-100,126.19998931884766
206,3118.983,800,0,126.42498779296875
207,3119.033,760,-300,127
208,3119.083,790,-100,127
209,3119.134,821.9608154296875,613.34130859375,122.30793762207031
210,3119.184,781.9608154296875,-86.65866088867188,123.40837097167969
211,3119.234,800,-219.608154296875,125.28043365478516
212,3119.284,810,280.391845703125,123.27749633789062
213,3119.334,780,-200,125.25249481201172
214,3119.384,800,-100,126.22749328613281
215,3119.434,790,100,125.8274917602539
216,3119.484,790,-100,126.927490234375
217,3119.534,800,100,126.4024887084961
218,3119.584,830,400,123.4024887084961
219,3119.634,820,200,122.6524887084961
220,3119.684,800,-300,125.12748718261719
221,3119.734,800,-200,126.85248565673828
222,3119.784,760,-400,127
223,3119.834,800,0,127
224,3119.884,810,500,123.3499984741211
225,3119.934,820,200,121.8499984741211
226,3119.984,810,0,121.94999694824219
227,3120.034,800,-200,123.67499542236328
228,3120.084,810,0,123.77499389648438
229,3120.134,820,200,122.27499389648438
230,3120.184,810,0,122.37499237060547
231,3120.234,810,-100,123.22499084472656
232,3120.284,820,100,122.47499084472656
233,3120.334,780,-300,125.19998931884766
234,3120.384,810,-100,126.04998779296875
235,3120.434,800,200,124.77498626708984
236,3120.484,810,0,124.87498474121094
237,3120.534,820,200,123.37498474121094
238,3120.584,830,200,122.26373291015625
239,3120.634,820,0,122.26373291015625
240,3120.684,810,-200,123.86373138427734
241,3120.734,810,-100,124.71372985839844
242,3120.784,780,-300,127
243,3120.834,830,200,123.88186645507812
244,3120.884,820,400,122.38186645507812
245,3120.934,830,0,122.38186645507812
246,3120.984,810,-100,122.80686950683594
247,3121.034,800,-300,125.28186798095703
248,3121.084,820,100,124.53186798095703
249,3121.134,820,200,123.03186798095703
250,3121.184,830,100,122.54437255859375
251,3121.234,830,100,121.79437255859375
252,3121.284,820,-100,122.54437255859375
253,3121.334,810,-200,124.14437103271484
254,3121.384,820,0,124.14437103271484
255,3121.434,790,-200,125.99436950683594
256,3121.484,820,0,125.99436950683594
257,3121.534,830,400,122.76937103271484
258,3121.584,830,100,122.01937103271484
259,3121.634,820,-100,122.76937103271484
260,3121.684,810,-200,124.36936950683594
261,3121.734,820,0,124.36936950683594
262,3121.784,830,200,122.81936645507812
263,3121.834,840,200,121.21936798095703
264,3121.884,800,-300,123.25686645507812
265,3121.934,810,-300,125.60686492919922
266,3121.984,820,200,124.10686492919922
267,3122.034,820,100,123.35686492919922
268,3122.084,820,0,123.35686492919922
269,3122.134,840,200,122.50686645507812
270,3122.184,840,200,120.90686798095703
271,3122.234,830,-100,121.65686798095703
272,3122.284,820,-200,122.83186340332031
273,3122.334,820,-100,123.58186340332031
274,3122.384,820,0,123.58186340332031
275,3122.434,800,-200,125.3068618774414
276,3122.484,840,200,123.26936340332031
277,3122.534,830,300,121.01936340332031
278,3122.584,830,-100,121.76936340332031
279,3122.634,810,-200,123.31936645507812
280,3122.684,820,-100,124.06936645507812
281,3122.734,840,300,122.51936340332031
282,3122.784,840,200,120.91936492919922
283,3122.834,840,0,120.81936645507812
284,3122.884,820,-200,122.41936492919922
285,3122.934,820,-200,123.91936492919922
286,3122.984,830,100,122.79436492919922
287,3123.034,820,0,122.79436492919922
288,3123.084,800,-300,125.26936340332031
289,3123.134,840,200,123.23186492919922
290,3123.184,830,300,120.98186492919922
291,3123.234,830,-100,121.73186492919922
292,3123.284,820,-100,122.85686492919922
293,3123.334,820,-100,123.60686492919922
294,3123.384,840,200,122.43186950683594
295,3123.434,850,300,119.95687103271484
296,3123.484,830,-100,120.70687103271484
297,3123.534,790,-600,123.99436950683594
298,3123.584,830,0,123.99436950683594
299,3123.634,830,400,120.99436950683594
300,3123.684,830,0,120.99436950683594
301,3123.734,840,100,120.14437103271484
302,3123.784,840,100,119.29437255859375
303,3123.834,830,-100,120.04437255859375
304,3123.884,830,-100,120.79437255859375
305,3123.934,820,-100,122.76937103271484
306,3123.984,820,-100,123.51937103271484
307,3124.034,840,200,122.34437561035156
308,3124.084,810,-100,122.76937866210938
309,3124.134,840,0,122.71937561035156
310,3124.184,830,200,121.21937561035156
311,3124.234,830,-100,121.96937561035156
312,3124.284,830,0,121.96937561035156
313,3124.334,830,0,121.96937561035156
314,3124.384,850,200,120.24437713623047
315,3124.434,840,100,119.39437866210938
316,3124.484,820,-300,122.18187713623047
317,3124.534,790,-500,126.28187561035156
318,3124.584,840,200,123.43187713623047
319,3124.634,840,500,119.58187866210938
320,3124.684,840,0,119.48188018798828
321,3124.734,830,-100,120.23188018798828
322,3124.784,820,-200,122.58187866210938
323,3124.834,830,0,122.58187866210938
324,3124.884,810,-100,123.00688171386719
325,3124.934,840,100,122.58187866210938
326,3124.984,830,200,121.08187866210938
327,3125.034,840,0,120.98188018798828
328,3125.084,840,100,120.13188171386719
329,3125.134,830,-100,120.88188171386719
330,3125.184,830,-100,121.63188171386719
331,3125.234,840,100,120.7818832397461
332,3125.284,840,100,119.931884765625
333,3125.334,810,-300,122.431884765625
334,3125.384,840,0,122.38188171386719
335,3125.434,830,200,120.88188171386719
336,3125.484,830,-100,121.63188171386719
337,3125.534,830,0,121.63188171386719
338,3125.584,840,100,120.7818832397461
339,3125.634,840,100,119.931884765625
340,3125.684,840,0,119.8318862915039
341,3125.734,840,0,119.73188781738281
342,3125.784,790,-500,123.10688781738281
343,3125.834,820,-200,124.60688781738281
344,3125.884,830,400,122.35688781738281
345,3125.934,850,300,119.88188934326172
346,3125.984,840,100,119.03189086914062
347,3126.034,840,-100,119.68189239501953
348,3126.084,840,0,119.58189392089844
349,3126.134,820,-200,121.71939086914062
350,3126.184,840,0,121.66938781738281
351,3126.234,840,200,120.06938934326172
352,3126.284,840,0,119.96939086914062
353,3126.334,810,-300,121.994384765625
354,3126.384,830,-100,122.369384765625
355,3126.434,830,200,120.869384765625
356,3126.484,830,0,120.869384765625
357,3126.534,840,100,120.0193862915039
358,3126.584,850,200,118.29438781738281
359,3126.634,840,0,118.19438934326172
360,3126.684,800,-500,122.2693862915039
361,3126.734,830,-100,122.6443862915039
362,3126.784,840,400,119.54438781738281
363,3126.834,840,100,118.69438934326172
364,3126.884,830,-100,119.44438934326172
365,3126.934,840,0,119.34439086914062
366,3126.984,840,100,118.49439239501953
367,3127.034,830,-100,119.24439239501953
368,3127.084,830,-100,119.99439239501953
369,3127.134,810,-200,122.119384765625
370,3127.186,841.37255859375,107.5740966796875,121.64816284179688
371,3127.236,862.7451171875,517.1090087890625,117.30027770996094
372,3127.286,831.37255859375,-104.19068908691406,118.08171081542969
373,3127.336,830,-327.451171875,120.53759765625
374,3127.386,830,-13.7255859375,120.64054107666016
375,3127.436,830,0,120.64054107666016
376,3127.486,840,100,119.79054260253906
377,3127.536,810,-200,121.51934814453125
378,3127.586,830,-100,121.89434814453125
379,3127.636,830,200,120.39434814453125
380,3127.686,830,0,120.39434814453125
381,3127.736,840,100,119.54434967041016
382,3127.786,850,200,117.81935119628906
383,3127.836,840,0,117.71935272216797
384,3127.886,840,-100,118.36935424804688
385,3127.936,830,-100,119.11935424804688
386,3127.986,790,-500,122.55685424804688
387,3128.036,830,0,122.55685424804688
388,3128.086,840,500,118.70685577392578
389,3128.136,850,200,116.98185729980469
390,3128.186,840,0,116.8818588256836
391,3128.236,830,-200,118.3818588256836
392,3128.286,820,-200,121.2193603515625
393,3128.336,830,0,121.2193603515625
394,3128.386,840,200,119.6193618774414
395,3128.436,810,-200,121.2193603515625
396,3128.486,850,100,120.73185729980469
397,3128.536,840,300,118.3818588256836
398,3128.586,830,-200,119.8818588256836
399,3128.636,830,-100,120.6318588256836
400,3128.686,840,100,119.7818603515625
401,3128.736,840,100,118.9318618774414
402,3128.786,840,0,118.83186340332031
403,3128.836,840,0,118.73186492919922
404,3128.886,790,-500,121.7818603515625
405,3128.936,830,-100,122.1568603515625
406,3128.986,840,500,118.3068618774414
407,3129.036,840,100,117.45686340332031
408,3129.086,850,100,116.48186492919922
409,3129.136,840,0,116.38186645507812
410,3129.186,830,-200,117.88186645507812
411,3129.236,800,-400,121.63186645507812
412,3129.286,840,100,121.20686340332031
413,3129.336,840,400,118.10686492919922
414,3129.386,840,0,118.00686645507812
415,3129.436,850,100,117.03186798095703
416,3129.486,800,-400,120.73186492919922
417,3129.536,830,-200,121.48186492919922
418,3129.586,830,300,119.23186492919922
419,3129.636,830,0,119.23186492919922
420,3129.686,840,100,118.38186645507812
421,3129.736,840,100,117.53186798095703
422,3129.786,850,100,116.55686950683594
423,3129.836,840,0,116.45687103271484
424,3129.886,830,-200,117.95687103271484
425,3129.936,800,-400,121.33186340332031
426,3129.986,830,0,121.33186340332031
427,3130.036,840,400,118.23186492919922
428,3130.086,840,100,117.38186645507812
429,3130.136,830,-100,118.13186645507812
430,3130.186,830,-100,118.88186645507812
431,3130.236,840,100,118.03186798095703
432,3130.286,840,100,117.18186950683594
433,3130.336,830,-100,117.93186950683594
434,3130.386,840,0,117.83187103271484
435,3130.436,840,100,116.98187255859375
436,3130.486,840,0,116.88187408447266
437,3130.536,830,-100,117.63187408447266
438,3130.586,790,-500,121.53186798095703
439,3130.636,850,200,120.66937255859375
440,3130.686,850,600,115.94437408447266
441,3130.736,840,-100,116.59437561035156
442,3130.786,830,-200,118.09437561035156
443,3130.836,820,-200,120.13187408447266
444,3130.886,830,0,120.13187408447266
445,3130.936,840,200,118.53187561035156
446,3130.986,850,200,116.80687713623047
447,3131.036,830,-100,117.55687713623047
448,3131.086,820,-300,119.96937561035156
449,3131.136,800,-300,122.44437408447266
450,3131.186,840,200,120.40687561035156
451,3131.236,840,400,117.30687713623047
452,3131.286,840,0,117.20687866210938
453,3131.336,840,0,117.10688018798828
454,3131.386,830,-100,117.85688018798828
455,3131.436,830,-100,118.60688018798828
456,3131.486,830,0,118.60688018798828
457,3131.536,830,0,118.60688018798828
458,3131.586,810,-200,120.30687713623047
459,3131.636,850,200,119.44438171386719
460,3131.686,840,300,117.0943832397461
461,3131.736,830,-200,118.5943832397461
462,3131.786,820,-200,119.76937866210938
463,3131.836,830,0,119.76937866210938
464,3131.886,850,300,117.29438018798828
465,3131.936,850,200,115.56938171386719
466,3131.986,840,-100,116.2193832397461
467,3132.036,790,-600,120.41938018798828
468,3132.086,830,-100,120.79438018798828
469,3132.136,840,500,116.94438171386719
470,3132.186,840,100,116.0943832397461
471,3132.236,840,0,115.994384765625
472,3132.286,830,-100,116.744384765625
473,3132.336,830,-100,117.494384765625
474,3132.386,840,100,116.6443862915039
475,3132.436,840,100,115.79438781738281
476,3132.486,800,-400,119.9068832397461
477,3132.536,840,0,119.85688781738281
478,3132.586,840,400,116.75688934326172
479,3132.636,840,0,116.65689086914062
480,3132.686,830,-100,117.40689086914062
481,3132.736,820,-200,119.38188934326172
482,3132.786,830,0,119.38188934326172
483,3132.836,840,200,117.78189086914062
484,3132.886,850,200,116.05689239501953
485,3132.936,800,-400,119.33189392089844
486,3132.986,830,-200,120.08189392089844
487,3133.036,840,400,116.98189544677734
488,3133.086,830,0,116.98189544677734
489,3133.136,840,0,116.88189697265625
490,3133.186,840,100,116.03189849853516
491,3133.236,830,-100,116.78189849853516
492,3133.286,830,-100,117.53189849853516
493,3133.336,830,0,117.53189849853516
494,3133.386,800,-300,120.04439544677734
495,3133.436,840,100,119.61940002441406
496,3133.486,840,400,116.51940155029297
497,3133.536,840,0,116.41940307617188
498,3133.586,830,-100,117.16940307617188
499,3133.636,820,-200,119.14440155029297
500,3133.686,830,0,119.14440155029297
501,3133.736,850,300,116.66940307617188
502,3133.786,840,100,115.81940460205078
503,3133.836,800,-500,119.46940612792969
504,3133.886,840,0,119.41940307617188
505,3133.936,860,600,114.56940460205078
506,3133.986,830,-100,115.31940460205078
507,3134.036,800,-600,119.73190307617188
508,3134.086,850,200,118.86940002441406
509,3134.136,850,500,114.89440155029297
510,3134.186,830,-200,116.39440155029297
511,3134.236,820,-300,118.75689697265625
512,3134.286,820,-100,119.50689697265625
513,3134.336,840,200,118.33189392089844
514,3134.386,840,200,116.73189544677734
515,3134.436,840,0,116.63189697265625
516,3134.486,810,-300,118.65689086914062
517,3134.536,830,-100,119.03189086914062
518,3134.586,830,200,117.53189086914062
519,3134.636,830,0,117.53189086914062
520,3134.686,830,0,117.53189086914062
521,3134.736,850,200,115.80689239501953
522,3134.786,840,100,114.95689392089844
523,3134.836,830,-200,116.45689392089844
524,3134.886,830,-100,117.20689392089844
525,3134.936,800,-300,119.35688781738281
526,3134.986,840,100,118.931884765625
527,3135.036,840,400,115.8318862915039
528,3135.086,850,100,114.85688781738281
529,3135.136,820,-200,117.6443862915039
530,3135.186,820,-300,119.8943862915039
531,3135.236,840,200,117.96939086914062
532,3135.286,830,100,117.21939086914062
533,3135.336,840,0,117.11939239501953
534,3135.386,810,-200,118.34439086914062
535,3135.436,840,0,118.29438781738281
536,3135.486,830,200,116.79438781738281
537,3135.536,820,-200,118.29438781738281
538,3135.586,830,0,118.29438781738281
539,3135.636,810,-100,118.71939086914062
540,3135.686,850,200,117.85688781738281
541,3135.736,870,600,112.88188934326172
542,3135.786,830,-200,114.38188934326172
543,3135.836,790,-800,119.29438781738281
544,3135.886,830,0,119.29438781738281
545,3135.936,840,500,115.44438934326172
546,3135.986,840,100,114.59439086914062
547,3136.036,840,0,114.49439239501953
548,3136.086,830,-100,115.24439239501953
549,3136.136,830,-100,115.99439239501953
550,3136.186,830,0,115.99439239501953
551,3136.236,830,0,115.99439239501953
552,3136.286,810,-200,118.44438934326172
553,3136.336,840,100,118.01939392089844
554,3136.386,840,300,115.66939544677734
555,3136.436,830,-100,116.41939544677734
556,3136.486,820,-200,117.96939086914062
557,3136.536,830,0,117.96939086914062
558,3136.586,840,200,116.36939239501953
559,3136.636,810,-200,117.96939086914062
560,3136.686,840,0,117.91938781738281
561,3136.736,830,200,116.41938781738281
562,3136.786,820,-200,117.91938781738281
563,3136.836,840,100,117.494384765625
564,3136.886,840,200,115.8943862915039
565,3136.936,830,-100,116.6443862915039
566,3136.986,840,0,116.54438781738281
567,3137.036,830,0,116.54438781738281
568,3137.086,830,-100,117.29438781738281
569,3137.136,840,100,116.44438934326172
570,3137.186,800,-300,118.2068862915039
571,3137.236,840,0,118.15689086914062
572,3137.286,840,400,115.05689239501953
573,3137.336,840,0,114.95689392089844
574,3137.386,830,-100,115.70689392089844
575,3137.436,790,-500,118.98188781738281
576,3137.486,830,0,118.98188781738281
577,3137.536,830,400,115.98188781738281
578,3137.586,850,200,114.25688934326172
579,3137.636,840,100,113.40689086914062
580,3137.686,820,-300,117.31938934326172
581,3137.736,830,-100,117.69438934326172
582,3137.786,830,100,116.94438934326172
583,3137.836,830,0,116.94438934326172
584,3137.886,840,100,116.09439086914062
585,3137.936,840,100,115.24439239501953
586,3137.986,830,-100,115.99439239501953
587,3138.036,830,-100,116.74439239501953
588,3138.086,800,-300,118.45689392089844
589,3138.136,840,100,118.03189086914062
590,3138.186,840,400,114.93189239501953
591,3138.236,830,-100,115.68189239501953
592,3138.286,840,0,115.58189392089844
593,3138.336,830,0,115.58189392089844
594,3138.386,820,-200,117.55689239501953
595,3138.436,840,100,117.13189697265625
596,3138.486,840,200,115.53189849853516
597,3138.536,810,-300,117.50689697265625
598,3138.586,840,0,117.45689392089844
599,3138.636,830,200,115.95689392089844
600,3138.686,820,-200,117.45689392089844
601,3138.736,820,-100,118.20689392089844
602,3138.786,850,300,116.59439086914062
603,3138.836,850,300,114.11939239501953
604,3138.886,830,-200,115.61939239501953
605,3138.936,830,-200,117.11939239501953
606,3138.986,800,-300,118.09439086914062
607,3139.036,830,0,118.09439086914062
608,3139.086,830,300,115.84439086914062
609,3139.136,840,100,114.99439239501953
610,3139.186,840,100,114.14439392089844
611,3139.236,830,-100,114.89439392089844
612,3139.286,830,-100,115.64439392089844
613,3139.336,830,0,115.64439392089844
614,3139.386,830,0,115.64439392089844
615,3139.436,810,-200,117.66938781738281
616,3139.486,840,100,117.244384765625
617,3139.536,830,200,115.744384765625
618,3139.586,830,-100,116.494384765625
619,3139.636,830,0,116.494384765625
620,3139.686,830,0,116.494384765625
621,3139.736,840,100,115.6443862915039
622,3139.786,840,100,114.79438781738281
623,3139.836,830,-100,115.54438781738281
624,3139.886,830,-100,116.29438781738281
625,3139.936,830,0,116.29438781738281
626,3139.987,800,-300,118.00688171386719
627,3140.037,821.568603515625,-88.54310607910156,118.68423461914062
628,3140.087,871.568603515625,711.4569091796875,115.43029022216797
629,3140.137,840,184.31396484375,113.94793701171875
630,3140.187,820,-515.68603515625,116.62294006347656
631,3140.237,830,-100,116.99794006347656
632,3140.287,790,-300,118.29794311523438
633,3140.337,840,100,117.87294006347656
634,3140.387,850,600,113.14794158935547
635,3140.437,840,0,113.04794311523438
636,3140.487,830,-200,114.54794311523438
637,3140.537,820,-200,116.96044158935547
638,3140.587,830,0,116.96044158935547
639,3140.637,830,100,116.21044158935547
640,3140.687,840,100,115.36044311523438
641,3140.737,810,-200,116.96044158935547
642,3140.787,830,-100,117.33544158935547
643,3140.837,830,200,115.83544158935547
644,3140.887,830,0,115.83544158935547
645,3140.937,830,0,115.83544158935547
646,3140.987,840,100,114.98544311523438
647,3141.037,840,100,114.13544464111328
648,3141.087,840,0,114.03544616699219
649,3141.137,830,-100,114.78544616699219
650,3141.187,780,-600,118.54794311523438
651,3141.237,830,0,118.54794311523438
652,3141.287,840,600,113.94794464111328
653,3141.337,840,100,113.09794616699219
654,3141.387,840,0,112.9979476928711
655,3141.437,830,-100,113.7479476928711
656,3141.487,820,-200,116.89794921875
657,3141.537,830,0,116.89794921875
658,3141.587,840,200,115.2979507446289
659,3141.637,800,-300,117.33544921875
660,3141.687,830,-100,117.71044921875
661,3141.738,830,300,115.46044921875
662,3141.788,821.568603515625,-82.66075134277344,116.90162658691406
663,3141.838,851.568603515625,217.33924865722656,115.96430206298828
664,3141.888,830,84.31396484375,115.33194732666016
665,3141.938,810,-415.68603515625,117.25694274902344
666,3141.988,850,200,116.39443969726562
667,3142.038,840,300,114.04444122314453
668,3142.088,820,-300,116.34443664550781
669,3142.138,820,-200,117.84443664550781
670,3142.188,840,200,116.29443359375
671,3142.238,840,200,114.6944351196289
672,3142.288,840,0,114.59443664550781
673,3142.338,840,0,114.49443817138672
674,3142.388,790,-500,117.4444351196289
675,3142.438,820,-200,118.9444351196289
676,3142.488,830,400,116.6944351196289
677,3142.538,840,200,115.09443664550781
678,3142.588,840,100,114.24443817138672
679,3142.638,800,-400,117.08193969726562
680,3142.688,840,0,117.03193664550781
681,3142.738,830,300,114.78193664550781
682,3142.788,820,-200,116.65693664550781
683,3142.838,830,0,116.65693664550781
684,3142.888,830,100,115.90693664550781
685,3142.938,840,100,115.05693817138672
686,3142.988,850,200,113.33193969726562
687,3143.038,830,-100,114.08193969726562
688,3143.088,820,-300,116.49443817138672
689,3143.138,830,0,116.49443817138672
690,3143.188,800,-200,117.35693359375
691,3143.238,840,100,116.93193054199219
692,3143.288,840,400,113.8319320678711
693,3143.338,820,-200,116.13192749023438
694,3143.388,820,-200,117.63192749023438
695,3143.438,840,200,116.08192443847656
696,3143.488,840,200,114.48192596435547
697,3143.538,800,-400,116.89442443847656
698,3143.588,840,0,116.84442138671875
699,3143.638,830,300,114.59442138671875
700,3143.688,820,-200,116.46942138671875
701,3143.738,830,0,116.46942138671875
702,3143.788,830,100,115.71942138671875
703,3143.838,830,0,115.71942138671875
704,3143.888,840,100,114.86942291259766
705,3143.938,840,100,114.01942443847656
706,3143.988,790,-500,117.29441833496094
707,3144.038,830,-100,117.66941833496094
708,3144.088,830,400,114.66941833496094
709,3144.138,840,100,113.81941986083984
710,3144.188,850,200,112.09442138671875
711,3144.238,830,-100,112.84442138671875
712,3144.288,830,-200,114.34442138671875
713,3144.338,790,-400,117.68191528320312
714,3144.388,820,-100,118.43191528320312
715,3144.438,830,400,116.55691528320312
716,3144.488,840,200,114.95691680908203
717,3144.538,840,100,114.10691833496094
718,3144.588,830,-100,114.85691833496094
719,3144.638,830,-100,115.60691833496094
720,3144.688,830,0,115.60691833496094
721,3144.738,820,-100,116.45691680908203
722,3144.788,830,0,116.45691680908203
723,3144.838,840,200,114.85691833496094
724,3144.888,800,-300,116.89441680908203
725,3144.938,830,-100,117.26941680908203
726,3144.988,820,200,116.51941680908203
727,3145.038,830,0,116.51941680908203
728,3145.088,840,200,114.91941833496094
729,3145.138,840,100,114.06941986083984
730,3145.188,830,-100,114.81941986083984
731,3145.238,820,-200,116.41941833496094
732,3145.288,830,0,116.41941833496094
733,3145.338,800,-200,117.28192138671875
734,3145.388,840,100,116.85691833496094
735,3145.438,840,400,113.75691986083984
736,3145.488,840,0,113.65692138671875
737,3145.538,830,-100,114.40692138671875
738,3145.588,820,-200,116.38191986083984
739,3145.638,830,0,116.38191986083984
740,3145.688,800,-200,117.24441528320312
741,3145.738,830,0,117.24441528320312
742,3145.788,830,300,114.99441528320312
743,3145.838,840,100,114.14441680908203
744,3145.888,830,0,114.14441680908203
745,3145.938,820,-200,116.44441223144531
746,3145.988,830,0,116.44441223144531
747,3146.038,840,200,114.84441375732422
748,3146.088,840,100,113.99441528320312
749,3146.138,830,-100,114.74441528320312
750,3146.188,830,-100,115.49441528320312
751,3146.238,790,-400,117.6444091796875
752,3146.288,830,0,117.6444091796875
753,3146.338,840,500,113.7944107055664
754,3146.388,840,100,112.94441223144531
755,3146.438,840,0,112.84441375732422
756,3146.488,830,-100,113.59441375732422
757,3146.538,820,-200,116.36941528320312
758,3146.588,790,-400,119.71941375732422
759,3146.638,830,100,117.66941833496094
760,3146.688,830,400,114.66941833496094
761,3146.738,830,0,114.66941833496094
762,3146.788,840,100,113.81941986083984
763,3146.838,830,0,113.81941986083984
764,3146.888,820,-200,116.49441528320312
765,3146.938,840,100,116.06941223144531
766,3146.988,840,200,114.46941375732422
767,3147.038,800,-400,116.88191223144531
768,3147.088,830,-100,117.25691223144531
769,3147.138,820,200,116.50691223144531
770,3147.188,820,-100,117.25691223144531
771,3147.238,830,100,116.50691223144531
772,3147.288,840,200,114.90691375732422
773,3147.338,840,100,114.05691528320312
774,3147.388,840,0,113.95691680908203
775,3147.438,820,-200,115.98191833496094
776,3147.488,820,-200,117.48191833496094
777,3147.538,830,100,116.35691833496094
778,3147.588,790,-300,117.65692138671875
779,3147.638,840,100,117.23191833496094
780,3147.688,840,500,113.38191986083984
781,3147.738,840,0,113.28192138671875
782,3147.788,830,-100,114.03192138671875
783,3147.838,810,-300,116.80691528320312
784,3147.888,820,-100,117.55691528320312
785,3147.938,840,300,116.00691223144531
786,3147.988,850,300,113.53191375732422
787,3148.038,830,-100,114.28191375732422
788,3148.088,820,-300,116.2694091796875
789,3148.138,820,-100,117.0194091796875
790,3148.188,820,0,117.0194091796875
791,3148.238,800,-200,118.7444076538086
792,3148.288,840,200,116.7069091796875
793,3148.338,840,400,113.6069107055664
794,3148.388,830,-100,114.3569107055664
795,3148.438,830,-100,115.1069107055664
796,3148.488,790,-400,117.5819091796875
797,3148.538,830,0,117.5819091796875
798,3148.588,840,500,113.7319107055664
799,3148.638,840,100,112.88191223144531
800,3148.688,840,0,112.78191375732422
801,3148.738,820,-200,115.93191528320312
802,3148.788,810,-300,118.28191375732422
803,3148.838,830,100,116.73191833496094
804,3148.888,840,300,114.38191986083984
805,3148.938,800,-300,116.79441833496094
806,3148.988,830,-100,117.16941833496094
807,3149.038,830,300,114.91941833496094
808,3149.088,830,0,114.91941833496094
809,3149.138,820,-100,116.41941833496094
810,3149.188,830,0,116.41941833496094
811,3149.238,840,200,114.81941986083984
812,3149.288,830,0,114.81941986083984
813,3149.338,820,-200,116.36941528320312
814,3149.388,830,0,116.36941528320312
815,3149.438,830,100,115.61941528320312
816,3149.488,820,-100,116.36941528320312
817,3149.538,840,100,115.94441223144531
818,3149.588,800,-200,116.80691528320312
819,3149.638,830,-100,117.18191528320312
820,3149.688,830,300,114.93191528320312
821,3149.738,820,-100,116.43191528320312
822,3149.788,820,-100,117.18191528320312
823,3149.838,830,100,116.43191528320312
824,3149.888,840,200,114.83191680908203
825,3149.938,830,0,114.83191680908203
826,3149.988,830,-100,115.58191680908203
827,3150.038,790,-400,117.68191528320312
828,3150.088,820,-100,118.43191528320312
829,3150.138,830,400,116.55691528320312
830,3150.188,840,200,114.95691680908203
831,3150.238,840,100,114.10691833496094
832,3150.288,820,-200,116.08191680908203
833,3150.338,820,-200,117.58191680908203
834,3150.388,830,100,116.45691680908203
835,3150.438,830,100,115.70691680908203
836,3150.488,800,-300,117.31941223144531
837,3150.538,830,0,117.31941223144531
838,3150.588,830,300,115.06941223144531
839,3150.638,830,0,115.06941223144531
840,3150.688,820,-100,116.56941223144531
841,3150.738,830,0,116.56941223144531
842,3150.788,840,200,114.96941375732422
843,3150.838,830,0,114.96941375732422
844,3150.888,820,-200,116.5194091796875
845,3150.938,820,-100,117.2694091796875
846,3150.988,830,100,116.5194091796875
847,3151.038,830,100,115.7694091796875
848,3151.088,830,0,115.7694091796875
849,3151.138,830,0,115.7694091796875
850,3151.188,830,0,115.7694091796875
851,3151.238,790,-400,117.81941223144531
852,3151.288,830,0,117.81941223144531
853,3151.338,830,400,114.81941223144531
854,3151.388,820,-100,116.69441223144531
855,3151.438,840,100,116.2694091796875
856,3151.488,840,200,0
857,3151.538,830,-100,0
858,3151.588,740,-1000,0
859,3151.638,610,-2200,0
860,3151.688,710,-300,0
861,3151.738,930,3200,0
862,3151.788,890,1800,0
863,3151.838,790,-1400,0
864,3151.888,680,-2100,0
865,3151.938,730,-600,0
866,3151.988,860,1800,0
867,3152.038,820,900,0
868,3152.088,730,-1300,0
869,3152.138,710,-1100,0
870,3152.188,810,800,0
871,3152.238,790,800,0
872,3152.288,700,-1100,0
873,3152.338,730,-600,0
874,3152.388,800,1000,0
875,3152.438,740,100,0
876,3152.488,730,-700,0
877,3152.538,770,300,0
878,3152.588,720,-100,0
879,3152.638,710,-600,0
880,3152.688,730,100,0
881,3152.738,720,100,0
882,3152.788,710,-200,0
883,3152.838,730,100,0
884,3152.888,710,0,0
885,3152.938,700,-300,0
886,3152.988,700,-100,0
887,3153.038,700,0,0
888,3153.088,690,-100,0
889,3153.138,700,0,0
890,3153.188,710,200,0
891,3153.238,690,-100,0
892,3153.288,680,-300,0
893,3153.338,650,-400,0
894,3153.388,660,-200,0
895,3153.438,660,100,0
896,3153.488,670,100,0
897,3153.538,680,200,0
898,3153.588,660,-100,0
899,3153.638,650,-300,0
900,3153.688,650,-100,0
901,3153.738,650,0,0
902,3153.788,620,-300,0
903,3153.838,630,-200,0
904,3153.888,630,100,0
905,3153.938,640,100,0
906,3153.988,630,0,0
907,3154.038,620,-200,0
908,3154.088,630,0,0
909,3154.138,610,-100,0
910,3154.188,610,-200,0
911,3154.238,580,-300,0
912,3154.288,590,-200,0
913,3154.338,600,200,0
914,3154.388,610,200,0
915,3154.438,610,100,0
916,3154.488,590,-200,0
917,3154.538,590,-200,0
918,3154.588,570,-200,0
919,3154.638,550,-400,0
920,3154.688,580,100,0
921,3154.738,570,200,0
922,3154.788,580,0,0
923,3154.838,580,100,0
924,3154.888,550,-300,0
925,3154.938,560,-200,0
926,3154.988,520,-300,0
927,3155.038,550,-100,0
928,3155.088,560,400,0
929,3155.138,530,-200,0
930,3155.188,530,-300,0
931,3155.238,530,0,0
932,3155.288,530,0,0
933,3155.338,530,0,0
934,3155.388,530,0,0
935,3155.438,510,-200,0
936,3155.488,510,-200,0
937,3155.538,510,0,0
938,3155.588,510,0,0
939,3155.638,500,-100,0
940,3155.688,500,-100,0
941,3155.738,500,0,0
942,3155.788,490,-100,0
943,3155.838,500,0,0
944,3155.888,490,0,0
945,3155.938,490,-100,0
946,3155.988,480,-100,0
947,3156.038,480,-100,0
948,3156.088,460,-200,0
949,3156.138,460,-200,0
950,3156.188,470,100,0
951,3156.238,460,0,0
952,3156.288,460,-100,0
953,3156.338,470,100,0
954,3156.388,460,0,0
955,3156.438,430,-400,0
956,3156.488,460,0,0
957,3156.538,440,100,0
958,3156.588,440,-200,0
959,3156.638,450,100,0
960,3156.688,430,-100,0
961,3156.738,420,-300,0
962,3156.788,410,-200,0
963,3156.838,420,0,0
964,3156.888,410,0,0
965,3156.938,420,0,0
966,3156.988,430,200,0
967,3157.038,420,0,0
968,3157.088,410,-200,0
969,3157.138,410,-100,0
970,3157.188,400,-100,0
971,3157.238,380,-300,0
972,3157.288,400,0,0
973,3157.338,390,100,0
974,3157.388,380,-200,0
975,3157.438,370,-200,0
976,3157.488,370,-100,0
977,3157.538,390,200,0
978,3157.588,380,100,0
979,3157.638,370,-200,0
980,3157.688,380,0,0
981,3157.738,380,100,0
982,3157.788,350,-300,0
983,3157.838,360,-200,0
984,3157.888,350,0,0
985,3157.938,350,-100,0
986,3157.988,350,0,0
987,3158.038,340,-100,0
988,3158.088,340,-100,0
989,3158.138,330,-100,0
990,3158.188,330,-100,0
991,3158.238,320,-100,0
992,3158.288,340,100,0
993,3158.338,340,200,0
994,3158.388,330,-100,0
995,3158.438,320,-200,0
996,3158.488,320,-100,0
997,3158.538,320,0,0
998,3158.588,300,-200,0
999,3158.638,310,-100,0
1000,3158.688,300,0,0
1001,3158.738,300,-100,0
1002,3158.788,300,0,0
1003,3158.838,300,0,0
1004,3158.888,300,0,0
1005,3158.938,280,-200,0
1006,3158.988,280,-200,0
1007,3159.038,280,0,0
1008,3159.088,280,0,0
1009,3159.138,270,-100,0
1010,3159.188,270,-100,0
1011,3159.238,270,0,0
1012,3159.288,280,100,0
1013,3159.338,280,100,0
1014,3159.388,260,-200,0
1015,3159.438,260,-200,0
1016,3159.488,260,0,0
1017,3159.538,260,0,0
1018,3159.588,250,-100,0
1019,3159.638,240,-200,0
1020,3159.688,240,-100,0
1021,3159.738,240,0,0
1022,3159.788,240,0,0
1023,3159.838,240,0,0
1024,3159.888,230,-100,0
1025,3159.938,230,-100,0
1026,3159.988,230,0,0
1027,3160.038,210,-200,0
1028,3160.088,220,-100,0
1029,3160.138,220,100,0
1030,3160.188,210,-100,0
1031,3160.238,210,-100,0
1032,3160.288,210,0,0
1033,3160.338,210,0,0
1034,3160.388,210,0,0
1035,3160.438,210,0,0
1036,3160.488,200,-100,0
1037,3160.538,200,-100,0
1038,3160.588,200,0,0
1039,3160.638,190,-100,0
1040,3160.688,180,-200,0
1041,3160.738,180,-100,0
1042,3160.788,180,0,0
1043,3160.838,190,100,0
1044,3160.888,180,0,0
1045,3160.938,170,-200,0
1046,3160.988,170,-100,0
1047,3161.038,160,-100,0
1048,3161.088,160,-100,0
1049,3161.138,150,-100,0
1050,3161.188,150,-100,0
1051,3161.238,160,100,0
1052,3161.288,150,0,0
1053,3161.338,140,-200,0
1054,3161.388,160,100,0
1055,3161.438,150,100,0
1056,3161.488,130,-300,0
1057,3161.538,140,-100,0
1058,3161.588,140,100,0
1059,3161.638,130,-100,0
1060,3161.688,130,-100,0
1061,3161.738,130,0,0
1062,3161.788,130,0,0
1063,3161.838,130,0,0
1064,3161.888,120,-100,0
1065,3161.938,110,-200,0
1066,3161.988,120,0,0
1067,3162.038,120,100,0
1068,3162.088,100,-200,0
1069,3162.138,110,-100,0
1070,3162.188,110,100,0
1071,3162.238,90,-200,0
1072,3162.288,100,-100,0
1073,3162.338,100,100,0
1074,3162.388,90,-100,0
1075,3162.438,90,-100,0
1076,3162.488,80,-100,0
1077,3162.538,90,0,0
1078,3162.588,80,0,0
1079,3162.638,70,-200,0
1080,3162.688,80,0,0
1081,3162.738,70,0,0
1082,3162.788,70,-100,0
1083,3162.838,70,0,0
1084,3162.888,60,-100,0
1085,3162.938,60,-100,0
1086,3162.988,60,0,0
1087,3163.038,60,0,0
1088,3163.088,60,0,0
1089,3163.138,50,-100,0
1090,3163.188,40,-200,0
1091,3163.238,50,0,0
1092,3163.288,40,0,0
1093,3163.338,40,-100,0
1094,3163.388,40,0,0
1095,3163.438,30,-100,0
1096,3163.488,40,0,0
1097,3163.538,30,0,0
1098,3163.588,20,-200,0
1099,3163.638,30,0,0
1100,3163.688,30,100,0
1101,3163.738,10,-200,0
1102,3163.788,10,-200,0
1103,3163.838,20,100,0
1104,3163.888,10,0,0
1105,3163.938,0,-200,0
1106,3163.988,0,-100,0
1107,3164.038,0,0,0
1108,3164.088,0,0,0
1109,3164.138,0,0,0
1110,3164.188,0,0,0
1111,3164.238,0,0,0
1112,3164.288,0,0,0
1113,3164.338,0,0,0
1114,3164.388,0,0,0
1115,3164.438,0,0,0
1116,3164.488,0,0,0
1117,3164.538,0,0,0
1118,3164.588,0,0,0
1119,3164.638,0,0,0
1120,3164.688,0,0,0
1121,3164.738,0,0,0
1122,3164.788,0,0,0
1123,3164.838,0,0,0
1124,3164.888,0,0,0
1125,3164.938,0,0,0
1126,3164.988,0,0,0
