0   , 797294 , 0      , 0      , 0      , 0      
1   , 798900 , 0      , 0      , 1089470464, 1157234688
2   , 798951 , 0      , 0      , 1098016358, 1157234688
3   , 799002 , 0      , 0      , 1102472806, 1157234688
4   , 799053 , 0      , 0      , 1106483609, 1157234688
5   , 799105 , 1077452170, 1113449659, 1108902896, 1157234688
6   , 799156 , 1089952840, 1125475515, 1110853721, 1157234688
7   , 799207 , 1096404035, 1129327667, 1112791791, 1157234688
8   , 799258 , 1102795920, 1134080773, 1114686640, 1157234688
9   , 799310 , 1108644143, 1139120067, 1116110431, 1157234688
10  , 799361 , 1113472851, 1141815476, 1117026960, 1157234688
11  , 799412 , 1117635722, 1143330617, 1117899433, 1157234688
12  , 799463 , 1121362278, 1145583762, 1118743532, 1157234688
13  , 799514 , 1124966659, 1147521952, 1119555768, 1157234688
14  , 799565 , 1127665200, 1149096731, 1120331670, 1157234688
15  , 799616 , 1130560202, 1149845740, 1121076421, 1157234688
16  , 799667 , 1133087142, 1150208510, 1121790793, 1157234688
17  , 799718 , 1134886170, 1150805108, 1122464383, 1157234688
18  , 799769 , 1136749449, 1151244230, 1123107407, 1157234688
19  , 799820 , 1138644853, 1150929274, 1123726626, 1157234688
20  , 799871 , 1140611302, 1150771795, 1123942400, 1157234688
21  , 799923 , 1141730283, 1150929274, 1123942400, 1157234688
22  , 799973 , 1142726174, 1150456840, 1123942400, 1157234688
23  , 800024 , 1143722064, 1149984406, 1123942400, 1157234688
24  , 800075 , 1144685829, 1149984406, 1123942400, 1157234688
25  , 800126 , 1145633530, 1149669451, 1123942400, 1157234688
26  , 800177 , 1146581234, 1149354495, 1123942400, 1157234688
27  , 800228 , 1147464685, 1149154738, 1123942400, 1157234688
28  , 800279 , 1148332072, 1148524827, 1123942400, 1157234688
29  , 800330 , 1149199461, 1148209875, 1123942400, 1157234688
30  , 800381 , 1149620946, 1147579958, 1123942400, 1157234688
31  , 800433 , 1150014483, 1146635088, 1123942400, 1157234688
32  , 800485 , 1150401959, 1146346934, 1123942400, 1157234688
33  , 800536 , 1150773372, 1146058773, 1123942400, 1157234688
34  , 800587 , 1151142815, 1145666561, 1123942400, 1157234688
35  , 800638 , 1151504227, 1145904266, 1123942400, 1157234688
36  , 800690 , 1151857608, 1146219222, 1123942400, 1157234688
37  , 800741 , 1152198478, 1145687027, 1123942400, 1157234688
38  , 800792 , 1152523286, 1144839878, 1123942400, 1157234688
39  , 800843 , 1152852572, 1144777824, 1123942400, 1157234688
40  , 800894 , 1153189890, 1145030726, 1123942400, 1157234688
41  , 800945 , 1153511145, 1144400816, 1123942400, 1157234688
42  , 800996 , 1153822398, 1143961346, 1123942400, 1157234688
43  , 801048 , 1154133652, 1144466743, 1123942400, 1157234688
44  , 801100 , 1154433541, 1144043412, 1123942400, 1157234688
45  , 801151 , 1154725397, 1142990170, 1123942400, 1157234688
46  , 801202 , 1155006496, 1142883206, 1123942400, 1157234688
47  , 801254 , 1155292072, 1143091190, 1123942400, 1157234688
48  , 801305 , 1155593712, 1143406143, 1123942400, 1157234688
49  , 801356 , 1155867088, 1143338642, 1123938656, 1157234688
50  , 801407 , 1156108339, 1142011312, 1123936609, 1157234688
51  , 801458 , 1156365344, 1141476250, 1123896119, 1157234688
52  , 801509 , 1156622346, 1141886058, 1123839713, 1157234688
53  , 801560 , 1156863286, 1140941195, 1123776175, 1157234688
54  , 801611 , 1157109533, 1140402246, 1123693875, 1157234688
55  , 801662 , 1157347744, 1141886520, 1123598146, 1157234688
56  , 801714 , 1157572624, 1141583685, 1123493451, 1157234688
57  , 801765 , 1157715869, 1140876315, 1123369777, 1157234688
58  , 801816 , 1157823442, 1141416651, 1123232193, 1157234688
59  , 801867 , 1157927696, 1140853373, 1123090263, 1157234688
60  , 801918 , 1158039981, 1139099571, 1122941011, 1157234688
61  , 801970 , 1158147169, 1140120835, 1122768841, 1157234688
62  , 802021 , 1158250341, 1140061450, 1122590236, 1157234688
63  , 802073 , 1158350733, 1137914778, 1122408269, 1157234688
64  , 802124 , 1158443094, 1137345413, 1122217285, 1157234688
65  , 802175 , 1158537926, 1138198029, 1122008207, 1157234688
66  , 802227 , 1158636774, 1138162621, 1121788455, 1157234688
67  , 802277 , 1158725969, 1137383599, 1121563010, 1157234688
68  , 802328 , 1158807132, 1136802141, 1121333480, 1157234688
69  , 802379 , 1158895478, 1137238250, 1121088581, 1157234688
70  , 802431 , 1158987838, 1138142120, 1120827646, 1157234688
71  , 802482 , 1159065370, 1136526336, 1120569019, 1157234688
72  , 802533 , 1159140818, 1134679253, 1120300589, 1157234688
73  , 802585 , 1159220978, 1135624581, 1120018350, 1157234688
74  , 802637 , 1159299207, 1135594514, 1119734114, 1157234688
75  , 802687 , 1159377050, 1134358938, 1119439260, 1157234688
76  , 802738 , 1159450878, 1135315926, 1119133209, 1157234688
77  , 802790 , 1159531191, 1137550648, 1118809221, 1157234688
78  , 802841 , 1159605173, 1136636528, 1118483103, 1157234688
79  , 802892 , 1159667107, 1133790509, 1118167320, 1157234688
80  , 802944 , 1159727342, 1132869850, 1117840186, 1157234688
81  , 802995 , 1159792983, 1132478014, 1117500462, 1157234688
82  , 803047 , 1159860710, 1130377789, 1117158951, 1157234688
83  , 803097 , 1159921099, 1130654573, 1116814029, 1157234688
84  , 803148 , 1159975389, 1132191182, 1116468010, 1157234688
85  , 803200 , 1160020874, 1129348659, 1116115637, 1157234688
86  , 803251 , 1160062343, 1126102669, 1115767443, 1157234688
87  , 803302 , 1160090453, 1121461909, 1115161610, 1157234688
88  , 803353 , 1160116863, 1107060928, 1114490190, 1157234688
89  , 803405 , 1160159337, 1117343131, 1113775228, 1157234688
90  , 803456 , 1160180960, 1120150674, 1113070417, 1157234688
91  , 803508 , 1160185130, -1039585686, 1112419205, 1157234688
92  , 803560 , 1160190483, -1032203070, 1111720187, 1157234688
93  , 803612 , 1160189195, -1050958995, 1111055424, 1157234688
94  , 803662 , 1160189195, -1029117715, 1110390344, 1157234688
95  , 803713 , 1160183866, -1023790861, 1109736724, 1157234688
96  , 803765 , 1160178538, -1047466650, 1109068983, 1157234688
97  , 803817 , 1160168035, -1050541997, 1108404177, 1157234688
98  , 803868 , 1160149502, -1023741272, 1107786113, 1157234688
99  , 803920 , 1160112527, -1019934134, 1107008098, 1157234688
100 , 803972 , 1160086055, -1020071995, 1105787902, 1157234688
101 , 804023 , 1160070070, -1019591810, 1104552170, 1157234688
102 , 804074 , 1160040854, -1018587971, 1103361091, 1157234688
103 , 804125 , 1160010017, -1021335030, 1102194250, 1157234688
104 , 804177 , 1159973875, -1022803946, 1101045272, 1157234688
105 , 804227 , 1159937734, -1021002147, 1099918161, 1157234688
106 , 804278 , 1159889546, -1017702882, 1098761170, 1157234688
107 , 804329 , 1159839814, -1014712576, 1096680387, 1157234688
108 , 804380 , 1159790081, -1013077203, 1094725576, 1157234688
109 , 804431 , 1159738710, -1012071760, 1092815009, 1157234688
110 , 804482 , 1159679308, -1011441862, 1090986169, 1157234688
111 , 804534 , 1159609420, -1010182034, 1088043884, 1157234688
112 , 804585 , 1159533894, -1009326840, 1084768910, 1157234688
113 , 804636 , 1159451958, -1009101590, 1081459668, 1157234688
114 , 804687 , 1159363614, -1008096163, 1075939980, 1157234688
115 , 804738 , 1159275268, -1007720619, 1067428044, 1157234688
116 , 804790 , 1159185687, -1008814566, 1021981888, 1157234688
117 , 804841 , 1159088075, -1008244069, 0      , 1157234688
118 , 804892 , 1158991699, -1007403341, 0      , 1157234688
119 , 804943 , 1158895323, -1008602603, 0      , 1157234688
120 , 804995 , 1158802962, -1009608046, 0      , 1157234688
121 , 805046 , 1158701952, -1007849707, 0      , 1157234688
122 , 805098 , 1158598549, -1006721267, 0      , 1157234688
123 , 805150 , 1158502733, -1008374059, 0      , 1157234688
124 , 805201 , 1158405296, -1008137142, 0      , 1157234688
125 , 805252 , 1158304904, -1006523389, 0      , 1157234688
126 , 805304 , 1158205747, -1007874506, 0      , 1157234688
127 , 805356 , 1158118637, -1011058537, 0      , 1157234688
128 , 805407 , 1158026276, -1010566810, 0      , 1157234688
129 , 805460 , 1157921868, -1008185333, 1042930215, 1157234688
130 , 805511 , 1157817612, -1008065571, 1115556939, 1157234688
131 , 805562 , 1157730036, -1009205653, 1115616797, 1157234688
132 , 805613 , 1157658372, -1011071622, 1115661866, 1157234688
133 , 805664 , 1157546395, -1014102322, 1115696487, 1157234688
134 , 805715 , 1157428046, -1021811674, 1115713448, 1157234688
135 , 805766 , 1157331670, -1038490186, 1115720164, 1157234688
136 , 805817 , 1157259387, 1108605845, 1115718433, 1157234688
137 , 805868 , 1157211200, 1119799410, 1115640176, 1157234688
138 , 805919 , 1157195138, 1124503657, 1115607922, 1157234688
139 , 805970 , 1157219232, 1127023311, 1115562239, 1157234688
140 , 806021 , 1157267117, 1129542934, 1115493298, 1157234688
141 , 806072 , 1157331066, 1130802731, 1115412727, 1157234688
142 , 806124 , 1157387285, 1128283076, 1115335754, 1157234688
143 , 806175 , 1157466826, 1128115821, 1115238433, 1157234688
144 , 806226 , 1157554398, 1130468189, 1115129794, 1157234688
145 , 806277 , 1157631307, 1128069695, 1115023635, 1157234688
146 , 806328 , 1157671465, 1125671233, 1114911070, 1157234688
147 , 806381 , 1157707143, 1126764248, 1114785840, 1157234688
148 , 806431 , 1157746837, 1126764691, 1114653187, 1157234688
149 , 806482 , 1157782978, 1124557702, 1114522552, 1157234688
150 , 806533 , 1157819118, 1125841750, 1114370422, 1157234688
151 , 806585 , 1157863291, 1130759869, 1114181778, 1157234688
152 , 806636 , 1157898970, 1129572754, 1114012366, 1157234688
153 , 806688 , 1157918971, 1120099533, 1113876563, 1157234688
154 , 806740 , 1157946102, 1118979827, 1113707909, 1157234688
155 , 806791 , 1157976864, 1122899434, 1113532990, 1157234688
156 , 806842 , 1158004974, 1111668326, 1113361318, 1157234688
157 , 806893 , 1158033547, 1113756282, 1113179070, 1157234688
158 , 806945 , 1158066136, 1128309914, 1112964433, 1157234688
159 , 806996 , 1158093628, 1128558490, 1112756791, 1157234688
160 , 807047 , 1158105058, 1115903200, 1112585041, 1157234688
161 , 807099 , 1158113089, 1110146069, 1112394251, 1157234688
162 , 807150 , 1158129614, 1114248971, 1112201997, 1157234688
163 , 807201 , 1158157338, 1098611453, 1112002155, 1157234688
164 , 807253 , 1158177931, 1107588346, 1111794697, 1157234688
165 , 807305 , 1158198446, 1124272058, 1111563998, 1157234688
166 , 807356 , 1158212888, 1123607806, 1111345685, 1157234688
167 , 807407 , 1158216209, 1104630722, 1111158090, 1157234688
168 , 807458 , 1158220225, 1100907147, 1110949797, 1157234688
169 , 807509 , 1158228874, 1104936360, 1110740785, 1157234688
170 , 807560 , 1158209413, -1019790860, 1110630169, 1157234688
171 , 807611 , 1158125083, -1004835002, 1113174096, 1157234688
172 , 807662 , 1158020676, -999770438, 1113330023, 1157234688
173 , 807713 , 1157913102, -998156411, 1113495672, 1157234688
174 , 807765 , 1157805527, -997971678, 1113653601, 1157234688
175 , 807816 , 1157698030, -1001163522, 1113781910, 1157234688
176 , 807867 , 1157562893, -1010835718, 1113868257, 1157234688
177 , 807918 , 1157379870, 1069130598, 1113907142, 1157234688
178 , 807970 , 1157140010, 1103277530, 1113995006, 1157234688
179 , 808021 , 1156803774, -1012989141, 1114229884, 1157234688
180 , 808072 , 1156482518, -1003154579, 1114572919, 1157234688
181 , 808123 , 1156281734, -1000895616, 1114919027, 1157234688
182 , 808175 , 1156145202, -1001828602, 1115230315, 1157234688
183 , 808226 , 1156002798, -1003747570, 1115543855, 1157234688
184 , 808278 , 1155852365, -1010999245, 1115753639, 1157234688
185 , 808331 , 1155719165, 1111299811, 1115862908, 1157234688
186 , 808381 , 1155561562, 1126545632, 1115980424, 1157234688
187 , 808432 , 1155320312, -1021979458, 1116154552, 1157234688
188 , 808483 , 1155070259, -1007352099, 1116374091, 1157234688
189 , 808535 , 1154948707, -1006588347, 1116575123, 1157234688
190 , 808587 , 1154895422, -1008000074, 1116771134, 1157234688
191 , 808638 , 1154834106, -1008826501, 1116962196, 1157234688
192 , 808690 , 1154782434, -1023364642, 1117123909, 1157234688
193 , 808742 , 1154752691, 1133372566, 1117257977, 1157234688
194 , 808793 , 1154704966, 1134508890, 1117405186, 1157234688
195 , 808844 , 1154559694, 1058671002, 1117600175, 1157234688
196 , 808895 , 1154403763, -1014191578, 1117829608, 1157234688
197 , 808946 , 1154347544, -1010809539, 1118049125, 1157234688
198 , 808997 , 1154363606, -1010782990, 1118253934, 1157234688
199 , 809048 , 1154379669, -1015610179, 1118432609, 1157234688
200 , 809099 , 1154408859, 1120766661, 1118582919, 1157234688
201 , 809150 , 1154470176, 1140245238, 1118705732, 1157234688
202 , 809201 , 1154521850, 1143170579, 1118810590, 1157234688
203 , 809252 , 1154581555, 1143170579, 1118900702, 1157234688
204 , 809304 , 1154691368, 1143170579, 1118971153, 1157234688
205 , 809355 , 1154890608, 1142885093, 1119032644, 1157234688
206 , 809406 , 1155156725, 1142599603, 1119073641, 1157234688
207 , 809457 , 1155421760, 1142557199, 1119100606, 1157234688
208 , 809508 , 1155686795, 1142514806, 1119112877, 1157234688
209 , 809560 , 1155951830, 1142490579, 1119105373, 1157234688
210 , 809611 , 1156208834, 1142436880, 1116750725, 1157234688
211 , 809662 , 1156457806, 1142092461, 1116703560, 1157234688
212 , 809713 , 1156698747, 1141504947, 1116648242, 1157234688
213 , 809765 , 1156939690, 1141232386, 1116578957, 1157234688
214 , 809816 , 1157148042, 1139107269, 1116512253, 1157234688
215 , 809868 , 1157339251, 1135340626, 1116452210, 1157234688
216 , 809920 , 1157521072, 1133907201, 1116377478, 1157234688
217 , 809971 , 1157657908, 1133103698, 1116301798, 1157234688
218 , 810022 , 1157734206, 1130251088, 1116222585, 1157234688
219 , 810074 , 1157798458, 1129347762, 1116139102, 1157234688
220 , 810125 , 1157862013, 1132699127, 1116042214, 1157234688
221 , 810177 , 1157913522, 1131761226, 1115948028, 1157234688
222 , 810228 , 1157957694, 1127287197, 1115856185, 1157234688
223 , 810281 , 1157996336, 1126667467, 1115752912, 1157234688
224 , 810331 , 1158039226, 1127089494, 1115611776, 1157234688
225 , 810382 , 1158083629, 1125307560, 1115401427, 1157234688
226 , 810433 , 1158120680, 1124785453, 1115181993, 1157234688
227 , 810485 , 1158161746, 1128346865, 1114937812, 1157234688
228 , 810536 , 1158193099, 1127208124, 1114702452, 1157234688
229 , 810587 , 1158216421, 1118422879, 1114489960, 1157234688
230 , 810638 , 1158237194, 1115189192, 1114267879, 1157234688
231 , 810690 , 1158261984, 1117490424, 1114034501, 1157234688
232 , 810740 , 1158290094, 1114256674, 1113793092, 1157234688
233 , 810792 , 1158311687, 1115110286, 1113551378, 1157234688
234 , 810843 , 1158332277, 1122716982, 1113292079, 1157234688
235 , 810895 , 1158354363, 1125006322, 1113022917, 1157234688
236 , 810946 , 1158373438, 1122898720, 1112758644, 1157234688
237 , 810997 , 1158385485, 1119119270, 1112494612, 1157234688
238 , 811048 , 1158398304, 1113734851, 1112243559, 1157234688
239 , 811100 , 1158423170, 1115067453, 1111972369, 1157234688
240 , 811152 , 1158438384, 1111744595, 1111709215, 1157234688
241 , 811202 , 1158441550, -1040571882, 1111476619, 1157234688
242 , 811253 , 1158453598, -1047743146, 1111211903, 1157234688
243 , 811304 , 1158465645, 1114260400, 1110941001, 1157234688
244 , 811356 , 1158470664, 1101067304, 1110683528, 1157234688
245 , 811407 , 1158471669, -1046781750, 1110426226, 1157234688
246 , 811458 , 1158471669, 1108647209, 1110169616, 1157234688
247 , 811510 , 1158470665, 1096667277, 1109910197, 1157234688
248 , 811561 , 1158473677, -1036026242, 1109658984, 1157234688
249 , 811612 , 1158469661, -1044463303, 1109404350, 1157234688
250 , 811663 , 1158466494, -1050332067, 1109159164, 1157234688
251 , 811715 , 1158475374, -1055273842, 1108903959, 1157234688
252 , 811766 , 1158466494, -1051478826, 1108656042, 1157234688
253 , 811818 , 1158449582, -1030419877, 1108435011, 1157234688
254 , 811870 , 1158439731, -1026590250, 1108198779, 1157234688
255 , 811922 , 1158426870, -1027799930, 1107980922, 1157234688
256 , 811973 , 1158414900, -1025829139, 1107757182, 1157234688
257 , 812024 , 1158402930, -1026852255, 1107537432, 1157234688
258 , 812075 , 1158387871, -1034095766, 1107323379, 1157234688
259 , 812126 , 1158367793, -1031689154, 1106942826, 1157234688
260 , 812177 , 1158351730, -1029849574, 1106536276, 1157234688
261 , 812228 , 1158327636, -1029300836, 1106149722, 1157234688
262 , 812279 , 1158304391, -1023712787, 1105786249, 1157234688
263 , 812330 , 1158289178, -1023270722, 1105423132, 1157234688
264 , 812382 , 1158266902, -1025069526, 1105078490, 1157234688
265 , 812433 , 1158244009, -1022814190, 1104751999, 1157234688
266 , 812485 , 1158219529, -1022434416, 1104429452, 1157234688
267 , 812536 , 1158195666, -1026457853, 1104107024, 1157234688
268 , 812587 , 1158167557, -1024762042, 1103821552, 1157234688
269 , 812638 , 1158139446, -1021784492, 1103558558, 1157234688
270 , 812690 , 1158115352, -1025529786, 1103272616, 1157234688
271 , 812741 , 1158090795, -1028572210, 1103001529, 1157234688
272 , 812792 , 1158058206, -1020853614, 1102800926, 1157234688
273 , 812844 , 1158022064, -1018067482, 1102621125, 1157234688
274 , 812895 , 1157993491, -1021607461, 1102415647, 1157234688
275 , 812946 , 1157965536, -1021440649, 1102233986, 1157234688
276 , 812997 , 1157930707, -1017924904, 1102093681, 1157234688
277 , 813048 , 1157895262, -1020708266, 1101949969, 1157234688
278 , 813100 , 1157862905, -1025180429, 1101820165, 1157234688
279 , 813151 , 1157830548, -1021750014, 1101715634, 1157234688
280 , 813202 , 1157790391, -1019469830, 1101632421, 1157234688
281 , 813253 , 1157750698, -1020656982, 1101567415, 1157234688
282 , 813305 , 1157727067, -1023031257, 1101479843, 1157234688
283 , 813356 , 1157695018, -1021914915, 1101451700, 1157234688
284 , 813408 , 1157647371, -1017019138, 1111110656, 1157234688
285 , 813460 , 1157587451, -1016875634, 1111132802, 1157234688
286 , 813511 , 1157531230, -1021771391, 1111119882, 1157234688
287 , 813562 , 1157466979, -1021771391, 1111134201, 1157234688
288 , 813613 , 1157403190, -1021674939, 1111139185, 1157234688
289 , 813665 , 1157371530, -1073062093, 1111129398, 1157234688
290 , 813716 , 1157331682, 1114126102, 1111123473, 1157234688
291 , 813767 , 1157283802, -1034225958, 1111138638, 1157234688
292 , 813819 , 1157243645, -1034032138, 1111143830, 1157234688
293 , 813871 , 1157227427, 1101358032, 1111141857, 1157234688
294 , 813922 , 1157243181, 1060620800, 1111135298, 1157234688
295 , 813973 , 1157259090, 1099822259, 1111114166, 1157234688
296 , 814025 , 1157275152, 1124334973, 1111072322, 1157234688
297 , 814076 , 1157283339, 1122366618, 1111051135, 1157234688
298 , 814127 , 1157291526, 1101372819, 1111049009, 1157234688
299 , 814178 , 1157291526, 1101563034, 1111027377, 1157234688
300 , 814229 , 1157307280, 1101753254, 1111005711, 1157234688
301 , 814280 , 1157339098, -1047847698, 1110986748, 1157234688
302 , 814332 , 1157363190, 1100787818, 1110955424, 1157234688
303 , 814383 , 1157395008, 1122173776, 1110904886, 1157234688
304 , 814435 , 1157410762, 1119559976, 1110866467, 1157234688
305 , 814486 , 1157418790, 1108609686, 1110833701, 1157234688
306 , 814537 , 1157426822, 1113939694, 1110789013, 1157234688
307 , 814588 , 1157450762, 1114036635, 1110744290, 1157234688
308 , 814640 , 1157490765, 1109284326, 1110691434, 1157234688
309 , 814691 , 1157506674, 1109571328, 1110647653, 1157234688
310 , 814742 , 1157514550, 1101380267, 1110616412, 1157234688
311 , 814794 , 1157530613, 1061218970, 1110577020, 1157234688
312 , 814845 , 1157538336, 1021898752, 1110537310, 1157234688
313 , 814896 , 1157538336, -1046520837, 1110499165, 1157234688
314 , 814947 , 1157554862, 1024595661, 1110450010, 1157234688
315 , 814998 , 1157571078, 1114226789, 1110395389, 1157234688
316 , 815050 , 1157570770, 1108997418, 1110352009, 1157234688
317 , 815101 , 1157578493, 1100620019, 1110301432, 1157234688
318 , 815152 , 1157586525, 1114420606, 1110236912, 1157234688
319 , 815203 , 1157594710, 1109381297, 1110184021, 1157234688
320 , 815255 , 1157618960, 1101000204, 1110123168, 1157234688
321 , 815306 , 1157626835, 1109282555, 1110069469, 1157234688
322 , 815358 , 1157626990, 1069486310, 1110030197, 1157234688
323 , 815410 , 1157635178, -1045608974, 1109970961, 1157234688
324 , 815461 , 1157634723, -1060395286, 1109923177, 1157234688
325 , 815512 , 1157634723, -1044690311, 1109874964, 1157234688
326 , 815563 , 1157642910, -1073662349, 1109816063, 1157234688
327 , 815615 , 1157651095, 1117109301, 1109740244, 1157234688
328 , 815667 , 1157647002, 1109389976, 1109686505, 1157234688
329 , 815718 , 1157638894, -1034796637, 1109659311, 1157234688
330 , 815770 , 1157634424, -1038429414, 1109611001, 1157234688
331 , 815822 , 1157638062, -1061945840, 1109553357, 1157234688
332 , 815873 , 1157642000, -1037489269, 1109505356, 1157234688
333 , 815924 , 1157634269, -1032817542, 1109468824, 1157234688
334 , 815975 , 1157634723, 1099506510, 1109418068, 1157234688
335 , 816026 , 1157634723, 1109470503, 1109365145, 1157234688
336 , 816077 , 1157630707, -1050477128, 1109316562, 1157234688
337 , 816128 , 1157617450, -1048611579, 1109268050, 1157234688
338 , 816179 , 1157609571, 1069367053, 1109228590, 1157234688
339 , 816230 , 1157617757, -1047273753, 1109190010, 1157234688
340 , 816281 , 1157610634, -1038497506, 1109152230, 1157234688
341 , 816332 , 1157595482, -1038497506, 1109114450, 1157234688
342 , 816384 , 1157587758, -1038497506, 1109076670, 1157234688
343 , 816435 , 1157595635, -1078296486, 1109027192, 1157234688
344 , 816486 , 1157587141, 1099069590, 1108986911, 1157234688
345 , 816537 , 1157571078, -1045939439, 1108958263, 1157234688
346 , 816588 , 1157563046, -1046520834, 1108919740, 1157234688
347 , 816640 , 1157546830, -1046524375, 1108890678, 1157234688
348 , 816691 , 1157538645, -1033661114, 1108863658, 1157234688
349 , 816742 , 1157530614, -1034140138, 1108836375, 1157234688
350 , 816794 , 1157522582, -1047862607, 1108807580, 1157234688
351 , 816845 , 1157522582, 1061219123, 1108768188, 1157234688
352 , 816896 , 1157506520, -1047665182, 1108748867, 1157234688
353 , 816948 , 1157474858, -1034039715, 1108741261, 1157234688
354 , 817000 , 1157458955, -1033569546, 1108723601, 1157234688
355 , 817051 , 1157450621, -1038138685, 1108705908, 1157234688
356 , 817102 , 1157434557, -1033289619, 1108688586, 1157234688
357 , 817153 , 1157426680, -1038325290, 1108670493, 1157234688
358 , 817205 , 1157426835, 1108620296, 1108637534, 1157234688
359 , 817256 , 1157410928, 1101189719, 1108625376, 1157234688
360 , 817308 , 1157386987, -1034416102, 1108627353, 1157234688
361 , 817360 , 1157362893, -1033942536, 1108619464, 1157234688
362 , 817411 , 1157346830, -1033468970, 1108624857, 1157234688
363 , 817462 , 1157338798, -1027594566, 1108633848, 1157234688
364 , 817513 , 1157331070, -1033180134, 1108626373, 1157234688
365 , 817565 , 1157331373, 1108419496, 1108603316, 1157234688
366 , 817616 , 1157307589, 1061215872, 1109874110, 1157234688
367 , 817667 , 1157283803, -1034419837, 1109888616, 1157234688
368 , 817718 , 1157259709, -1048421758, 1109890141, 1157234688
369 , 817769 , 1157243491, -1039071382, 1109903365, 1157234688
370 , 817820 , 1157243338, -1030395773, 1109910356, 1157234688
371 , 817872 , 1157235306, -1047072225, 1109912122, 1157234688
372 , 817923 , 1157235306, 1108598503, 1109908595, 1157234688
373 , 817975 , 1157227429, -1141597798, 1109918426, 1157234688
374 , 818026 , 1157219552, 1069247846, 1109896105, 1157234688
375 , 818077 , 1157211520, 1109273242, 1109882574, 1157234688
376 , 818128 , 1157211213, 1060742042, 1109894240, 1157234688
377 , 818180 , 1157226966, 1060742042, 1109889291, 1157234688
378 , 818231 , 1157235152, 1114118762, 1109873538, 1157234688
379 , 818282 , 1157227274, -1134238106, 1109891151, 1157234688
380 , 818333 , 1157227274, -1033454406, 1109896549, 1157234688
381 , 818384 , 1157235306, 1100590208, 1109888036, 1157234688
382 , 818435 , 1157235306, 1100590208, 1109886238, 1157234688
383 , 818486 , 1157243182, -1038398638, 1109889871, 1157234688
384 , 818537 , 1157243029, 1100210020, 1109888141, 1157234688
385 , 818588 , 1157234997, 1108889326, 1109884578, 1157234688
386 , 818639 , 1157243029, -1046885988, 1109886377, 1157234688
387 , 818690 , 1157234997, -1046885988, 1109888176, 1157234688
388 , 818742 , 1157226811, 0      , 1109888176, 1157234688
389 , 818793 , 1157242720, 0      , 1109888176, 1157234688
390 , 818845 , 1157242720, 0      , 1109888176, 1157234688
391 , 818896 , 1157234688, 0      , 1109888176, 1157234688
392 , 818947 , 1157242720, 1100597660, 1109876547, 1157234688
393 , 818999 , 1157250750, 1108986268, 1109863118, 1157234688
394 , 819051 , 1157266813, 1114025578, 1109838060, 1157234688
395 , 819103 , 1157267419, 1109732601, 1109833273, 1157234688
396 , 819155 , 1157267717, 1084161920, 1109832428, 1157234688
397 , 819206 , 1157267717, -1048913838, 1109833924, 1157234688
398 , 819257 , 1157251963, -1030579000, 1109874052, 1157234688
399 , 819308 , 1157259995, -1030579000, 1109870607, 1157234688
400 , 819359 , 1157259995, -1046886471, 1109872406, 1157234688
401 , 819410 , 1157251963, -1045774113, 1109877420, 1157234688
402 , 819461 , 1157251963, -1087202560, 1109872519, 1157234688
403 , 819512 , 1157251963, 1117277934, 1109855562, 1157234688
404 , 819563 , 1157235901, 1108792386, 1109852033, 1157234688
405 , 819614 , 1157235294, -1046885989, 1109853832, 1157234688
406 , 819665 , 1157234997, 1100597660, 1109852033, 1157234688
407 , 819716 , 1157234997, 0      , 1109852033, 1157234688
408 , 819767 , 1157250750, -1038497380, 1109855631, 1157234688
409 , 819818 , 1157250750, 0      , 1109845801, 1157234688
410 , 819869 , 1157258781, 1108986268, 1109832372, 1157234688
411 , 819920 , 1157266813, 1100597660, 1109830573, 1157234688
412 , 819971 , 1157258782, 0      , 1109830573, 1157234688
413 , 820022 , 1157258782, 1100597660, 1109818944, 1157234688
414 , 820073 , 1157266813, 1100597660, 1109807315, 1157234688
415 , 820124 , 1157266813, -1046885988, 1109809114, 1157234688
416 , 820176 , 1157274845, 0      , 1109799284, 1157234688
417 , 820227 , 1157282877, 1108986268, 1109785592, 1157234688
418 , 820278 , 1157282877, 0      , 1109785592, 1157234688
419 , 820330 , 1157274845, -1038497380, 1109789261, 1157234688
420 , 820382 , 1157274845, 0      , 1109779431, 1157234688
421 , 820432 , 1157274845, 0      , 1109779431, 1157234688
422 , 820483 , 1157274845, -1038497380, 1109783029, 1157234688
423 , 820535 , 1157290907, 1108986267, 1109749940, 1157234688
424 , 820586 , 1157283186, 1114506400, 1109743877, 1157234688
425 , 820637 , 1157275462, -1039459086, 1109814552, 1157234688
426 , 820689 , 1157275462, -1048421763, 1109809964, 1157234688
427 , 820742 , 1157275309, 1109465197, 1109796291, 1157234688
428 , 820793 , 1157283186, -1047653693, 1109787012, 1157234688
429 , 820844 , 1157283186, -1038497352, 1109790610, 1157234688
430 , 820895 , 1157283186, 1108602294, 1109777319, 1157234688
431 , 820946 , 1157291216, 1108796114, 1109763958, 1157234688
432 , 820997 , 1157291216, -1047083599, 1109765722, 1157234688
433 , 821048 , 1157275154, -1047273753, 1109756633, 1157234688
434 , 821099 , 1157282877, 1100791543, 1109744969, 1157234688
435 , 821150 , 1157290598, 0      , 1109744969, 1157234688
436 , 821201 , 1157290598, -1046885988, 1109735910, 1157234688
437 , 821252 , 1157290754, 1100597660, 1109724281, 1157234688
438 , 821303 , 1157282877, 0      , 1109724281, 1157234688
439 , 821354 , 1157290907, -1046885988, 1109715222, 1157234688
440 , 821406 , 1157290907, 1100597660, 1109703593, 1157234688
441 , 821457 , 1157290754, 1100407506, 1109691963, 1157234688
442 , 821508 , 1157298630, -1086737818, 1109682351, 1157234688
443 , 821560 , 1157290598, 1004876595, 1109682350, 1157234688
444 , 821611 , 1157290598, 1060980531, 1109672450, 1157234688
445 , 821662 , 1157298629, 1060980531, 1109662550, 1157234688
446 , 821713 , 1157290598, -1047463783, 1109664246, 1157234688
447 , 821765 , 1157298629, 1069251789, 1109644448, 1157234688
448 , 821816 , 1157306814, 1109370181, 1109630424, 1157234688
449 , 821868 , 1157290907, -1047653690, 1109725846, 1157234688
450 , 821920 , 1157282875, -1033558534, 1109731417, 1157234688
451 , 821971 , 1157283030, -1087200717, 1109723730, 1157234688
452 , 822022 , 1157283184, -1087200717, 1109713928, 1157234688
453 , 822073 , 1157283184, -1038122534, 1109717660, 1157234688
454 , 822125 , 1157291216, 1108419496, 1109694603, 1157234688
455 , 822176 , 1157291370, 1117329146, 1109677083, 1157234688
456 , 822227 , 1157283493, -1047653690, 1109706058, 1157234688
457 , 822278 , 1157275462, -1038784352, 1109701892, 1157234688
458 , 822329 , 1157275309, 1100977848, 1109690195, 1157234688
459 , 822381 , 1157291218, 1060741990, 1109680297, 1157234688
460 , 822433 , 1157299250, -1046882325, 1109671060, 1157234688
461 , 822486 , 1157299094, 1108697434, 1109657666, 1157234688
462 , 822538 , 1157291211, 1100769929, 1109655575, 1157234688
463 , 822591 , 1157299237, -1047614495, 1109646288, 1157234688
464 , 822642 , 1157291200, 1059604992, 1109636016, 1157234688
465 , 822693 , 1157275286, -1038863528, 1109675418, 1157234688
466 , 822745 , 1157291040, -1038677005, 1109671275, 1157234688
467 , 822796 , 1157290885, 1099449890, 1109660040, 1157234688
468 , 822847 , 1157282853, -1071599482, 1109660275, 1157234688
469 , 822898 , 1157282853, -1046147352, 1109651272, 1157234688
470 , 822950 , 1157290885, 1113462442, 1109626415, 1157234688
471 , 823001 , 1157283163, 1108993566, 1109622551, 1157234688
472 , 823053 , 1157283168, -1039268933, 1109623786, 1157234688
473 , 823103 , 1157283174, 1074596954, 1109613749, 1157234688
474 , 823154 , 1157275149, 1069249843, 1109613612, 1157234688
475 , 823205 , 1157282877, -1033841984, 1109618872, 1157234688
476 , 823256 , 1157283030, -1047076145, 1109609798, 1157234688
477 , 823307 , 1157275154, 1100210146, 1109608068, 1157234688
478 , 823359 , 1157275154, -1046692231, 1109609902, 1157234688
479 , 823410 , 1157275154, -1094891776, 1109599894, 1157234688
480 , 823461 , 1157259091, 1100210020, 1109598164, 1157234688
481 , 823512 , 1157258936, -1046498348, 1109600032, 1157234688
482 , 823563 , 1157258781, -1046498348, 1109601900, 1157234688
483 , 823615 , 1157258627, 1099826046, 1109590376, 1157234688
484 , 823666 , 1157258474, -1075132749, 1109631006, 1157234688
485 , 823717 , 1157250442, -1038210410, 1109644537, 1157234688
486 , 823768 , 1157250442, -1086741760, 1109632871, 1157234688
487 , 823820 , 1157266504, 1113835486, 1109607881, 1157234688
488 , 823871 , 1157266659, 1101179121, 1109605748, 1157234688
489 , 823923 , 1157250752, -1039268870, 1109625792, 1157234688
490 , 823975 , 1157250752, 1069481843, 1109625647, 1157234688
491 , 824026 , 1157242720, -1046907786, 1109637273, 1157234688
492 , 824077 , 1157234688, -1027594566, 1109656095, 1157234688
493 , 824128 , 1157234842, -1038219444, 1109636820, 1157234688
494 , 824180 , 1157251059, 1117091490, 1109610165, 1157234688
495 , 824232 , 1157259245, 1114031027, 1109604467, 1157234688
496 , 824283 , 1157235306, -1048041451, 1109631176, 1157234688
497 , 824335 , 1157218941, -1097215386, 1109631591, 1157234688
498 , 824387 , 1157218483, -1070365491, 1109632224, 1157234688
499 , 824439 , 1157218330, -1029882803, 1109649749, 1157234688
500 , 824489 , 1157218330, -1033000669, 1109655309, 1157234688
501 , 824540 , 1157226362, 1108239970, 1109651977, 1157234688
502 , 824591 , 1157234392, 1108896459, 1109648411, 1157234688
503 , 824642 , 1157226362, 1074421107, 1109648209, 1157234688
504 , 824693 , 1157210298, 1101164403, 1109646309, 1157234688
505 , 824744 , 1157202112, 0      , 1109656139, 1157234688
506 , 824795 , 1157209989, -1038497380, 1109669568, 1157234688
507 , 824846 , 1157210293, -1046885988, 1109671367, 1157234688
508 , 824897 , 1157202563, -1046885988, 1109682996, 1157234688
509 , 824948 , 1157202563, -1038497381, 1109696425, 1157234688
510 , 824999 , 1157202563, 0      , 1109696425, 1157234688
511 , 825051 , 1157202563, 1108986268, 1109692827, 1157234688
512 , 825102 , 1157194685, 1060859238, 1109702628, 1157234688
513 , 825153 , 1157194840, 1069247846, 1109666739, 1157234688
514 , 825205 , 1157194995, 1109370119, 1109662738, 1157234688
515 , 825257 , 1157195149, 1069247846, 1109669530, 1157234688
516 , 825307 , 1157203181, -1047459934, 1109671227, 1157234688
517 , 825358 , 1157195149, -1142626714, 1109681058, 1157234688
518 , 825410 , 1157211213, 1100210146, 1109669514, 1157234688
519 , 825461 , 1157219552, 1100784151, 1109667260, 1157234688
520 , 825513 , 1157147579, -1021815274, 1109719563, 1157234688
521 , 825565 , 1156983163, -1006208753, 1109981013, 1157234688
522 , 825616 , 1156778437, -1000836682, 1110322264, 1157234688
523 , 825667 , 1156561435, -998465600, 1110682252, 1157234688
524 , 825718 , 1156344434, -998105333, 1111045092, 1157234688
525 , 825770 , 1156159557, -1002042795, 1111355156, 1157234688
526 , 825822 , 1155960934, -1011536878, 1111637611, 1157234688
527 , 825872 , 1155762312, -1031393707, 1111896833, 1157234688
528 , 825924 , 1155545466, 1107822304, 1112151059, 1157234688
529 , 825975 , 1155247997, -1020495778, 1112530924, 1157234688
530 , 826026 , 1154946202, -1004840017, 1113056684, 1157234688
531 , 826078 , 1154736850, -1001174466, 1113593270, 1157234688
532 , 826130 , 1154599317, -1002624026, 1114102444, 1157234688
533 , 826181 , 1154469579, -1004069279, 1114598768, 1157234688
534 , 826232 , 1154336598, -1008623094, 1115069189, 1157234688
535 , 826283 , 1154200066, -1047229088, 1115473973, 1157234688
536 , 826334 , 1154077432, 1130735656, 1115771421, 1157234688
537 , 826385 , 1153890547, 1101212733, 1116011857, 1157234688
538 , 826436 , 1153633544, -1010649116, 1116315161, 1157234688
539 , 826487 , 1153472917, -1006111952, 1116620773, 1157234688
540 , 826538 , 1153412990, -1006753862, 1116909979, 1157234688
541 , 826589 , 1153377158, -1008292301, 1117182243, 1157234688
542 , 826641 , 1153341789, -1019200557, 1117427168, 1157234688
543 , 826692 , 1153322483, 1132511354, 1117650219, 1157234688
544 , 826743 , 1153314451, 1139689408, 1117859672, 1157234688
545 , 826795 , 1153214986, 1132230730, 1118122051, 1157234688
546 , 826847 , 1153043238, -1019800621, 1118432335, 1157234688
547 , 826897 , 1152962925, -1010094435, 1118741347, 1157234688
548 , 826948 , 1152987018, -1010717597, 1119029808, 1157234688
549 , 827000 , 1153051270, -1014877958, 1119282837, 1157234688
550 , 827051 , 1153111196, 1111638272, 1119515075, 1157234688
551 , 827103 , 1153163091, 1138937898, 1119724893, 1157234688
552 , 827155 , 1153233100, 1143885569, 1119911018, 1157234688
553 , 827207 , 1153315620, 1144727291, 1120069428, 1157234688
554 , 827257 , 1153416475, 1143871562, 1120212749, 1157234688
555 , 827308 , 1153620349, 1143515291, 1120336845, 1157234688
556 , 827360 , 1153928630, 1144959616, 1120434598, 1157234688
557 , 827411 , 1154227644, 1144691898, 1120528433, 1157234688
558 , 827462 , 1154510595, 1142849399, 1120612889, 1157234688
559 , 827513 , 1154791693, 1143002532, 1120668800, 1157234688
560 , 827564 , 1155077117, 1143470626, 1120709393, 1157234688
561 , 827616 , 1155370570, 1142525759, 1120736397, 1157234688
562 , 827667 , 1155646219, 1142454238, 1120748792, 1157234688
563 , 827718 , 1155905805, 1143012630, 1120750435, 1157234688
564 , 827770 , 1156162653, 1142104455, 1120738498, 1157234688
565 , 827821 , 1156419504, 1141511231, 1116697650, 1157234688
566 , 827872 , 1156660445, 1141832242, 1116636482, 1157234688
567 , 827923 , 1156899533, 1141214686, 1116572163, 1157234688
568 , 827975 , 1157146653, 1140906022, 1116493980, 1157234688
569 , 828026 , 1157346819, 1139725978, 1116416448, 1157234688
570 , 828077 , 1157514861, 1134711149, 1116352483, 1157234688
571 , 828129 , 1157655712, 1130733832, 1116277840, 1157234688
572 , 828180 , 1157731314, 1130615926, 1116197483, 1157234688
573 , 828231 , 1157802902, 1127905674, 1116115691, 1157234688
574 , 828282 , 1157867230, 1126910524, 1116029033, 1157234688
575 , 828333 , 1157919511, 1130954651, 1115934572, 1157234688
576 , 828385 , 1157962989, 1130619637, 1115834358, 1157234688
577 , 828436 , 1158006466, 1127955564, 1115733059, 1157234688
578 , 828487 , 1158038592, 1127104341, 1115578169, 1157234688
579 , 828538 , 1158071026, 1124633125, 1115378613, 1157234688
580 , 828590 , 1158119523, 1125723352, 1115148009, 1157234688
581 , 828641 , 1158154893, 1126983622, 1114912976, 1157234688
582 , 828693 , 1158182771, 1122335819, 1114697690, 1157234688
583 , 828745 , 1158213618, 1121078035, 1114457124, 1157234688
584 , 828796 , 1158239909, 1124466454, 1114222936, 1157234688
585 , 828847 , 1158268019, 1120961085, 1113977250, 1157234688
586 , 828898 , 1158296824, 1120057648, 1113722378, 1157234688
587 , 828950 , 1158325629, 1126082610, 1113451940, 1157234688
588 , 829001 , 1158348873, 1124996478, 1113189924, 1157234688
589 , 829052 , 1158364086, 1111652715, 1112961354, 1157234688
590 , 829103 , 1158376134, 1103499055, 1112713277, 1157234688
591 , 829154 , 1158392969, 1109221091, 1112454005, 1157234688
592 , 829205 , 1158413819, 1101067557, 1112196532, 1157234688
593 , 829256 , 1158427685, 1102965065, 1111938720, 1157234688
594 , 829308 , 1158441550, 1118440978, 1111675172, 1157234688
595 , 829360 , 1158449582, 1117907896, 1111412005, 1157234688
596 , 829411 , 1158455492, 1105172090, 1111138855, 1157234688
597 , 829462 , 1158457386, 1099667901, 1110876995, 1157234688
598 , 829513 , 1158462251, 1090920514, 1110620620, 1157234688
599 , 829565 , 1158483179, 1108806754, 1110341835, 1157234688
600 , 829616 , 1158486346, 1107955033, 1110080060, 1157234688
601 , 829667 , 1158477464, -1034327334, 1109848390, 1157234688
602 , 829718 , 1158473450, -1029932816, 1109605768, 1157234688
603 , 829769 , 1158469434, -1036549107, 1109361848, 1157234688
604 , 829820 , 1158465418, -1030323153, 1109119106, 1157234688
605 , 829871 , 1158457386, -1028229358, 1108886835, 1157234688
606 , 829923 , 1158451475, -1053724290, 1108641520, 1157234688
607 , 829976 , 1158443747, 1097768614, 1108389298, 1157234688
608 , 830026 , 1158433898, -1039144957, 1108159263, 1157234688
609 , 830077 , 1158413819, -1031573518, 1107935800, 1157234688
610 , 830128 , 1158398606, -1030194882, 1107722589, 1157234688
611 , 830181 , 1158394512, -1029576150, 1107497680, 1157234688
612 , 830231 , 1158381539, -1027535666, 1107278846, 1157234688
613 , 830282 , 1158361461, -1024175779, 1106895429, 1157234688
614 , 830333 , 1158341382, -1023616280, 1106512355, 1157234688
615 , 830385 , 1158325318, -1027514570, 1106126895, 1157234688
616 , 830435 , 1158297210, -1023252115, 1105783462, 1157234688
617 , 830487 , 1158270918, -1021041858, 1105442734, 1157234688
618 , 830538 , 1158255902, -1030118123, 1105051947, 1157234688
619 , 830590 , 1158234434, -1035642272, 1104702088, 1157234688
620 , 830641 , 1158205706, -1022366898, 1104421745, 1157234688
621 , 830692 , 1158174507, -1021543150, 1104139386, 1157234688
622 , 830743 , 1158151339, -1027622664, 1103832503, 1157234688
623 , 830795 , 1158139293, -1028194898, 1103505609, 1157234688
624 , 830846 , 1158110874, -1022452642, 1103258213, 1157234688
625 , 830897 , 1158070408, -1019834198, 1103077762, 1157234688
626 , 830948 , 1158046314, -1022014685, 1102853808, 1157234688
627 , 831000 , 1158018204, -1021917775, 1102649633, 1157234688
628 , 831051 , 1157982371, -1017995707, 1102448663, 1157234688
629 , 831102 , 1157951173, -1020370914, 1102268311, 1157234688
630 , 831153 , 1157923682, -1027697242, 1102118669, 1157234688
631 , 831205 , 1157895262, -1025084371, 1101969265, 1157234688
632 , 831256 , 1157858813, -1021535663, 1101845714, 1157234688
633 , 831307 , 1157814640, -1020515330, 1101741560, 1157234688
634 , 831358 , 1157782822, -1019494997, 1101658316, 1157234688
635 , 831410 , 1157763053, -1021869272, 1101572166, 1157234688
636 , 831461 , 1157722974, -1020655578, 1101545595, 1157234688
637 , 831513 , 1157678878, -1015807779, 1101564790, 1157234688
638 , 831565 , 1157639186, -1016899851, 1101563310, 1157234688
639 , 831616 , 1157571078, -1019251750, 1101599144, 1157234688
640 , 831667 , 1157498797, -1017991923, 1111093841, 1157234688
641 , 831718 , 1157419101, -1019155299, 1111131557, 1157234688
642 , 831770 , 1157355469, -1027305762, 1111150585, 1157234688
643 , 831821 , 1157291526, -1030110611, 1111177582, 1157234688
644 , 831872 , 1157227584, -1025356526, 1111217284, 1157234688
645 , 831923 , 1157163334, -1027779272, 1111255635, 1157234688
646 , 831974 , 1157123021, -1033644498, 1111290457, 1157234688
647 , 832025 , 1157106805, -1038683808, 1111313649, 1157234688
648 , 832077 , 1157082710, -1046684841, 1111335145, 1157234688
649 , 832128 , 1157066802, 1100012412, 1111354258, 1157234688
650 , 832181 , 1157066957, 1113924818, 1111361746, 1157234688
651 , 832232 , 1157075142, 1117372920, 1111368433, 1157234688
652 , 832283 , 1157067264, 1108982418, 1111386363, 1157234688
653 , 832334 , 1157083018, 1108885539, 1111382801, 1157234688
654 , 832385 , 1157106803, 1117228533, 1111375709, 1157234688
655 , 832436 , 1157122866, 1108695539, 1111384042, 1157234688
656 , 832487 , 1157154992, 1108792510, 1111232262, 1157234688
657 , 832538 , 1157179086, 1119797621, 1111213506, 1157234688
658 , 832589 , 1157195149, 1113928635, 1111208144, 1157234688
659 , 832640 , 1157219090, 1100597660, 1111196515, 1157234688
660 , 832691 , 1157243029, 1117374876, 1111169658, 1157234688
661 , 832743 , 1157266968, 1117374876, 1111142801, 1157234688
662 , 832795 , 1157298637, 1108803264, 1111119083, 1157234688
663 , 832846 , 1157314395, 1113659571, 1111094527, 1157234688
664 , 832898 , 1157330459, 1113849752, 1111069532, 1157234688
665 , 832949 , 1157362275, 1108713557, 1111036279, 1157234688
666 , 833000 , 1157378030, 1108426493, 1111003768, 1157234688
667 , 833051 , 1157386061, 1100231883, 1110982373, 1157234688
668 , 833102 , 1157410155, 1100985655, 1110951013, 1157234688
669 , 833153 , 1157426218, 1108990086, 1110917922, 1157234688
670 , 833204 , 1157434250, 1100799062, 1110886596, 1157234688
671 , 833255 , 1157450312, 1101373063, 1110845337, 1157234688
672 , 833307 , 1157466678, 1114219334, 1110800549, 1157234688
673 , 833358 , 1157474858, 1108987976, 1110767003, 1157234688
674 , 833410 , 1157490302, 1099840707, 1110725985, 1157234688
675 , 833461 , 1157506211, 1113362027, 1110672240, 1157234688
676 , 833512 , 1157514552, 1108710418, 1110629419, 1157234688
677 , 833564 , 1157530614, 1030289818, 1110590092, 1157234688
678 , 833615 , 1157554709, 1114038592, 1110525708, 1157234688
679 , 833666 , 1157570616, 1117572390, 1110468304, 1157234688
680 , 833717 , 1157570462, -1048249990, 1110439669, 1157234688
681 , 833769 , 1157578493, -1047668467, 1110391228, 1157234688
682 , 833820 , 1157586216, 1108993658, 1110337826, 1157234688
683 , 833871 , 1157602125, -1087222658, 1110289080, 1157234688
684 , 833922 , 1157610773, -1046904682, 1110240698, 1157234688
685 , 833973 , 1157603205, 1101000204, 1110199506, 1157234688
686 , 834025 , 1157610773, 1100042538, 1110148235, 1157234688
687 , 834076 , 1157626373, 1099464555, 1110088223, 1157234688
688 , 834128 , 1157626373, 1108900382, 1110025673, 1157234688
689 , 834178 , 1157626526, 1100619894, 1109974718, 1157234688
690 , 834230 , 1157639339, 1108803566, 1109912203, 1157234688
691 , 834281 , 1157639262, 1109187416, 1109858538, 1157234688
692 , 834333 , 1157631308, -1034043256, 1109831459, 1157234688
693 , 834386 , 1157587742, -1019624883, 1110545424, 1157234688
694 , 834436 , 1157444086, -1008013574, 1110716079, 1157234688
695 , 834487 , 1157251334, -1001303454, 1110991045, 1157234688
696 , 834538 , 1157051014, -999062990, 1111278808, 1157234688
697 , 834590 , 1156844206, -1000067142, 1111564438, 1157234688
698 , 834642 , 1156644966, -1002243557, 1111822313, 1157234688
699 , 834693 , 1156460245, -1008896066, 1112040712, 1157234688
700 , 834745 , 1156270219, -1034497234, 1112226352, 1157234688
701 , 834796 , 1156048222, -1059479293, 1112449749, 1157234688
702 , 834847 , 1155743184, -1012146093, 1112825983, 1157234688
703 , 834898 , 1155421021, -1003239001, 1113296331, 1157234688
704 , 834950 , 1155219326, -1001724785, 1113745838, 1157234688
705 , 835001 , 1155069974, -1002128178, 1114207784, 1157234688
706 , 835053 , 1154920621, -1003415876, 1114653491, 1157234688
707 , 835103 , 1154790574, -1012756572, 1115037812, 1157234688
708 , 835154 , 1154660528, 1119952242, 1115378003, 1157234688
709 , 835206 , 1154483838, 1117432650, 1115726491, 1157234688
710 , 835257 , 1154216075, -1014344261, 1115990112, 1157234688
711 , 835308 , 1153960514, -1006133035, 1116289030, 1157234688
712 , 835360 , 1153832011, -1005315361, 1116572885, 1157234688
713 , 835411 , 1153771622, -1006039270, 1116837020, 1157234688
714 , 835462 , 1153699339, -1010484867, 1117086492, 1157234688
715 , 835513 , 1153655939, -1183632589, 1117302761, 1157234688
716 , 835565 , 1153652696, 1138192210, 1117485813, 1157234688
717 , 835616 , 1153576707, 1137349838, 1117705363, 1157234688
718 , 835667 , 1153412374, -1045320576, 1117979007, 1157234688
719 , 835718 , 1153291903, -1014154401, 1118262560, 1157234688
720 , 835769 , 1153291903, -1014118056, 1118526504, 1157234688
721 , 835821 , 1153351983, -1014118048, 1118770788, 1157234688
722 , 835872 , 1153411447, -1024878486, 1118994846, 1157234688
723 , 835923 , 1153483111, 1135159822, 1119182684, 1157234688
724 , 835975 , 1153574082, 1143481102, 1119347711, 1157234688
725 , 836026 , 1153673084, 1144547572, 1119488598, 1157234688
726 , 836077 , 1153753398, 1144129654, 1119616858, 1157234688
727 , 836128 , 1153917732, 1143920114, 1119725713, 1157234688
728 , 836180 , 1154202537, 1144443448, 1119809352, 1157234688
729 , 836231 , 1154493210, 1143914870, 1119889315, 1157234688
730 , 836283 , 1154775853, 1142756386, 1119954413, 1157234688
731 , 836335 , 1155058770, 1142822150, 1120001374, 1157234688
732 , 836387 , 1155338442, 1142887910, 1120031737, 1157234688
733 , 836439 , 1155608266, 1141871730, 1120049711, 1157234688
734 , 836489 , 1155870675, 1141728902, 1120053181, 1157234688
735 , 836540 , 1156133085, 1142602251, 1116567224, 1157234688
736 , 836591 , 1156390088, 1142324499, 1116524311, 1157234688
737 , 836642 , 1156622998, 1141101880, 1116479975, 1157234688
738 , 836693 , 1156831814, 1139605952, 1116428303, 1157234688
739 , 836744 , 1157047117, 1138525093, 1116368344, 1157234688
740 , 836795 , 1157246357, 1136041794, 1116307016, 1157234688
741 , 836847 , 1157421229, 1133522147, 1116244371, 1157234688
742 , 836898 , 1157579110, 1132808835, 1116177103, 1157234688
743 , 836950 , 1157674862, 1131562170, 1116106562, 1157234688
744 , 837001 , 1157742666, 1130280894, 1116027895, 1157234688
745 , 837053 , 1157794870, 1129311795, 1115949353, 1157234688
746 , 837104 , 1157842363, 1127959275, 1115866111, 1157234688
747 , 837155 , 1157893872, 1129147810, 1115773791, 1157234688
748 , 837206 , 1157934029, 1128439646, 1115686041, 1157234688
749 , 837257 , 1157970171, 1124899697, 1115506942, 1157234688
750 , 837309 , 1158006312, 1124608968, 1115317251, 1157234688
751 , 837360 , 1158041680, 1125699630, 1115114157, 1157234688
752 , 837411 , 1158077514, 1124416018, 1114906972, 1157234688
753 , 837462 , 1158110565, 1124440238, 1114697861, 1157234688
754 , 837513 , 1158139138, 1125724285, 1114477086, 1157234688
755 , 837565 , 1158170414, 1125438673, 1114244495, 1157234688
756 , 837616 , 1158194354, 1121717056, 1114029840, 1157234688
757 , 837667 , 1158215126, 1117734546, 1113806118, 1157234688
758 , 837718 , 1158243236, 1120302702, 1113570732, 1157234688
759 , 837770 , 1158271346, 1122337776, 1113324063, 1157234688
760 , 837821 , 1158294590, 1119866578, 1113076476, 1157234688
761 , 837873 , 1158310576, 1117395378, 1112845246, 1157234688
762 , 837925 , 1158325593, 1116182219, 1112598097, 1157234688
763 , 837976 , 1158339837, 1109213950, 1112362940, 1157234688
764 , 838027 , 1158351884, 1092169314, 1112126114, 1157234688
765 , 838078 , 1158360765, 1078121024, 1111889899, 1157234688
766 , 838130 , 1158385709, 1118296638, 1111616624, 1157234688
767 , 838182 , 1158396984, 1121118080, 1111357910, 1157234688
768 , 838233 , 1158392196, -1057832717, 1111143836, 1157234688
769 , 838286 , 1158394242, -1044389718, 1110894450, 1157234688
770 , 838337 , 1158401153, 1108478638, 1110640265, 1157234688
771 , 838388 , 1158409106, -1048689338, 1110392649, 1157234688
772 , 838439 , 1158409998, -1031614280, 1110161611, 1157234688
773 , 838490 , 1158415833, 1108877594, 1109912292, 1157234688
774 , 838541 , 1158419848, 1116390726, 1109660038, 1157234688
775 , 838592 , 1158419848, -1046982926, 1109424872, 1157234688
776 , 838643 , 1158407801, -1037164878, 1109190688, 1157234688
777 , 838694 , 1158400542, -1041459038, 1108965775, 1157234688
778 , 838745 , 1158405330, -1034620987, 1108741811, 1157234688
779 , 838796 , 1158399269, -1030108772, 1108518796, 1157234688
780 , 838847 , 1158385176, -1030108772, 1108305611, 1157234688
781 , 838899 , 1158374055, -1030108772, 1108092426, 1157234688
782 , 838950 , 1158366102, -1032412531, 1107876558, 1157234688
783 , 839001 , 1158349190, -1031582889, 1107674832, 1157234688
784 , 839052 , 1158329111, -1027076598, 1107482236, 1157234688
785 , 839103 , 1158313048, -1027609618, 1107282698, 1157234688
786 , 839155 , 1158296213, -1029654011, 1106892200, 1157234688
787 , 839206 , 1158275362, -1024662272, 1106551588, 1157234688
788 , 839257 , 1158255284, -1023280102, 1106208120, 1157234688
789 , 839308 , 1158239222, -1030660492, 1105840395, 1157234688
790 , 839360 , 1158227174, -1038534655, 1105469913, 1157234688
791 , 839411 , 1158202617, -1027943274, 1105159126, 1157234688
792 , 839463 , 1158170878, -1022064970, 1104898058, 1157234688
793 , 839515 , 1158150436, -1024632102, 1104587210, 1157234688
794 , 839566 , 1158125130, -1022197920, 1104329645, 1157234688
795 , 839617 , 1158097021, -1017539002, 1104091508, 1157234688
796 , 839668 , 1158073698, -1021768654, 1103828534, 1157234688
797 , 839720 , 1158062423, -1047832630, 1103535019, 1157234688
798 , 839772 , 1158034082, -1031039058, 1103321375, 1157234688
799 , 839823 , 1157985662, -1017492811, 1103202394, 1157234688
800 , 839874 , 1157945506, -1018444968, 1103041792, 1157234688
801 , 839926 , 1157917550, -1020561938, 1102876941, 1157234688
802 , 839977 , 1157893301, -1016616621, 1102738602, 1157234688
803 , 840028 , 1157858062, -1017876891, 1102619529, 1157234688
804 , 840080 , 1157835181, -1033875466, 1102466741, 1157234688
805 , 840131 , 1157806994, -1039110459, 1102349802, 1157234688
806 , 840182 , 1157762744, -1020660695, 1102304831, 1157234688
807 , 840233 , 1157718571, -1019590967, 1102241130, 1157234688
808 , 840284 , 1157686678, -1022108782, 1102194008, 1157234688
809 , 840335 , 1157666831, -1019395325, 1102169868, 1157234688
810 , 840387 , 1157634706, -1018013885, 1102167080, 1157234688
811 , 840438 , 1157569843, -1021792894, 1102196217, 1157234688
812 , 840490 , 1157498950, -1021840867, 1111110075, 1157234688
813 , 840541 , 1157427442, -1019344958, 1111147331, 1157234688
814 , 840592 , 1157347128, -1020580566, 1111183011, 1157234688
815 , 840643 , 1157291062, -1025261450, 1111203499, 1157234688
816 , 840695 , 1157267123, -1038784384, 1111206995, 1157234688
817 , 840746 , 1157211368, -1039071448, 1111239946, 1157234688
818 , 840797 , 1157155611, -1030587762, 1111285555, 1157234688
819 , 840849 , 1157131517, -1048414054, 1111296912, 1157234688
820 , 840900 , 1157115608, 1101928122, 1111305853, 1157234688
821 , 840951 , 1157099699, -1039257752, 1111328651, 1157234688
822 , 841002 , 1157099546, 1051399373, 1111338468, 1157234688
823 , 841053 , 1157107422, 1119601907, 1111344533, 1157234688
824 , 841105 , 1157115453, 1113731091, 1111352244, 1157234688
825 , 841156 , 1157123485, 1100400177, 1111350480, 1157234688
826 , 841208 , 1157131515, 1117277966, 1111221799, 1157234688
827 , 841258 , 1157163178, 1119846061, 1111203008, 1157234688
828 , 841310 , 1157210902, 1119894531, 1111174352, 1157234688
829 , 841361 , 1157227120, 1119990494, 1111154895, 1157234688
830 , 841413 , 1157235152, 1109370119, 1111150971, 1157234688
831 , 841465 , 1157266819, 1100052258, 1111129156, 1157234688
832 , 841516 , 1157282579, 1098570661, 1111118229, 1157234688
833 , 841567 , 1157306674, -1070305274, 1111098681, 1157234688
834 , 841618 , 1157338798, 1108245450, 1111065856, 1157234688
835 , 841670 , 1157370925, 1121947782, 1111016073, 1157234688
836 , 841722 , 1157379110, 1117381166, 1110988492, 1157234688
837 , 841773 , 1157379264, 1080681645, 1110978131, 1157234688
838 , 841824 , 1157387296, 1101939596, 1110946601, 1157234688
839 , 841876 , 1157402896, 1100985170, 1110915012, 1157234688
840 , 841927 , 1157434248, -1081452250, 1110875735, 1157234688
841 , 841978 , 1157442274, 1099266953, 1110845060, 1157234688
842 , 842030 , 1157474702, 1119611194, 1110787115, 1157234688
843 , 842081 , 1157490765, 1119804998, 1110737916, 1157234688
844 , 842132 , 1157482733, 1061696000, 1110718182, 1157234688
845 , 842183 , 1157482733, -1048250301, 1110679527, 1157234688
846 , 842234 , 1157506674, 1109761482, 1110626500, 1157234688
847 , 842285 , 1157538645, 1109373842, 1110573612, 1157234688
848 , 842336 , 1157546675, 1052591718, 1110534256, 1157234688
849 , 842387 , 1157555014, 1108986206, 1110491336, 1157234688
850 , 842439 , 1157491382, -1025069525, 1110881626, 1157234688
851 , 842490 , 1157332762, -1005716982, 1111104089, 1157234688
852 , 842542 , 1157109584, -999561949, 1111416414, 1157234688
853 , 842593 , 1156886557, -997964280, 1111755630, 1157234688
854 , 842645 , 1156703690, -998641072, 1112053365, 1157234688
855 , 842696 , 1156504758, -1002105584, 1112336761, 1157234688
856 , 842747 , 1156289765, -1009888274, 1112589380, 1157234688
857 , 842798 , 1156080949, -1032679126, 1112801494, 1157234688
858 , 842849 , 1155888197, 1121347230, 1112993802, 1157234688
859 , 842900 , 1155703475, 1121251269, 1113176309, 1157234688
860 , 842951 , 1155502691, -1023906608, 1113473015, 1157234688
861 , 843003 , 1155316270, -1006741752, 1113913836, 1157234688
862 , 843055 , 1155160611, -1002637921, 1114418148, 1157234688
863 , 843106 , 1155020861, -1001738035, 1114898739, 1157234688
864 , 843157 , 1154874443, -1002106470, 1115355896, 1157234688
865 , 843208 , 1154736058, -1005939427, 1115733096, 1157234688
866 , 843260 , 1154621765, -1028001765, 1115914393, 1157234688
867 , 843312 , 1154496350, 1127839791, 1116094101, 1157234688
868 , 843362 , 1154282592, 1076036915, 1116323174, 1157234688
869 , 843413 , 1154009526, -1011176090, 1116601150, 1157234688
870 , 843465 , 1153824805, -1006210262, 1116881905, 1157234688
871 , 843516 , 1153740321, -1006037755, 1117161247, 1157234688
872 , 843567 , 1153705390, -1007997370, 1117411908, 1157234688
873 , 843618 , 1153690690, -1024199216, 1117628969, 1157234688
874 , 843671 , 1153677716, 1134087299, 1117826268, 1157234688
875 , 843722 , 1153644200, 1137989981, 1118028938, 1157234688
876 , 843773 , 1153511219, 1125420986, 1118284290, 1157234688
877 , 843824 , 1153347503, -1015986718, 1118575746, 1157234688
878 , 843875 , 1153296226, -1010489077, 1118854703, 1157234688
879 , 843927 , 1153320321, -1011208442, 1119117887, 1157234688
880 , 843977 , 1153368509, -1015192336, 1119355843, 1157234688
881 , 844028 , 1153436930, 1124164458, 1119559687, 1157234688
882 , 844079 , 1153505351, 1141771446, 1119735070, 1157234688
883 , 844130 , 1153577634, 1144430398, 1119887538, 1157234688
884 , 844181 , 1153654858, 1144430398, 1120025260, 1157234688
885 , 844233 , 1153776719, 1144430402, 1120143321, 1157234688
886 , 844285 , 1154009714, 1144217035, 1120248646, 1157234688
887 , 844336 , 1154302480, 1143688703, 1120335898, 1157234688
888 , 844387 , 1154591610, 1143231123, 1120406275, 1157234688
889 , 844438 , 1154872707, 1142773547, 1120467382, 1157234688
890 , 844490 , 1155161837, 1142773547, 1120503913, 1157234688
891 , 844541 , 1155435675, 1142689544, 1120530760, 1157234688
892 , 844592 , 1155685421, 1141660680, 1120553435, 1157234688
893 , 844643 , 1155942424, 1141458065, 1120552254, 1157234688
894 , 844694 , 1156199429, 1142200316, 1116901386, 1157234688
895 , 844745 , 1156448402, 1141885362, 1116854812, 1157234688
896 , 844797 , 1156685706, 1141237862, 1116800257, 1157234688
897 , 844848 , 1156898453, 1140887496, 1116745942, 1157234688
898 , 844900 , 1157105878, 1138951878, 1116680042, 1157234688
899 , 844952 , 1157313766, 1137051430, 1116608009, 1157234688
900 , 845002 , 1157482426, 1134640802, 1116538852, 1157234688
901 , 845054 , 1157639107, 1132823767, 1116462459, 1157234688
902 , 845106 , 1157727067, 1134119233, 1116374386, 1157234688
903 , 845158 , 1157790409, 1132889186, 1116290949, 1157234688
904 , 845210 , 1157852902, 1129118386, 1116198167, 1157234688
905 , 845261 , 1157907731, 1131175091, 0      , 0      
