0,797.294,0,0,0,0
1,798.9,0,0,7.5,1157234688
2,798.951,0,0,15.149999618530273,1157234688
3,799.002,0,0,22.799999237060547,1157234688
4,799.053,0,0,30.44999885559082,1157234688
5,799.105,2.884615421295166,55.47336959838867,38.12884521484375,1157234688
6,799.156,7.730014801025391,149.3934783935547,45.57065200805664,1157234688
7,799.207,13.6123685836792,208.1726531982422,52.963802337646484,1157234688
8,799.258,23.416290283203125,305.3985900878906,60.19207763671875,1157234688
9,799.31,37.141780853271484,459.1856384277344,67.24681854248047,1157234688
10,799.361,55.56184005737305,570.885986328125,74.2393798828125,1157234688
11,799.412,78.88386535644531,663.3628540039062,80.89582061767578,1157234688
12,799.463,107.31523132324219,800.8839111328125,87.33578491210938,1157234688
13,799.514,141.6289520263672,919.181640625,93.53265380859375,1157234688
14,799.565,182.805419921875,1015.2985229492188,99.45231628417969,1157234688
15,799.616,226.97964477539062,1098.02880859375,105.13431549072266,1157234688
16,799.667,275.07537841796875,1142.312255859375,110.58454132080078,1157234688
17,799.718,329.97735595703125,1215.13916015625,115.72362518310547,1157234688
18,799.769,386.8401184082031,1268.742919921875,120.62950897216797,1157234688
19,799.82,444.6832580566406,1230.296142578125,125.35377502441406,1157234688
20,799.871,504.69451904296875,1211.0726318359375,127,1157234688
21,799.923,565.6862182617188,1230.296142578125,127,1157234688
22,799.973,626.4705810546875,1172.6259765625,127,1157234688
23,800.024,687.2548828125,1114.955810546875,127,1157234688
24,800.075,746.0784301757812,1114.955810546875,127,1157234688
25,800.126,803.9215087890625,1076.5091552734375,127,1157234688
26,800.177,861.7647705078125,1038.0623779296875,127,1157234688
27,800.228,915.6863403320312,1018.8389892578125,127,1157234688
28,800.279,968.62744140625,980.3922729492188,127,1157234688
29,800.33,1021.5686645507812,961.1691284179688,127,1157234688
30,800.381,1070.588134765625,922.7220458984375,127,1157234688
31,800.433,1118.6273193359375,865.0517578125,127,1157234688
32,800.485,1165.9266357421875,847.4642333984375,127,1157234688
33,800.536,1211.26513671875,829.8762817382812,127,1157234688
34,800.587,1256.3631591796875,805.9375610351562,127,1157234688
35,800.638,1300.4808349609375,820.4459228515625,127,1157234688
36,800.69,1343.6181640625,839.6693115234375,127,1157234688
37,800.741,1385.228271484375,807.1867065429688,127,1157234688
38,800.792,1424.877685546875,755.4808349609375,127,1157234688
39,800.843,1465.07373046875,751.693359375,127,1157234688
40,800.894,1506.250244140625,767.1292724609375,127,1157234688
41,800.945,1545.4659423828125,728.6826171875,127,1157234688
42,800.996,1583.460693359375,701.8594970703125,127,1157234688
43,801.048,1621.45556640625,732.7064819335938,127,1157234688
44,801.1,1658.0631103515625,706.868408203125,127,1157234688
45,801.151,1693.6900634765625,642.5836181640625,127,1157234688
46,801.202,1728.00390625,636.0550537109375,127,1157234688
47,801.254,1762.8642578125,648.7493896484375,127,1157234688
48,801.305,1799.685546875,667.9725952148438,127,1157234688
49,801.356,1833.056640625,663.8526611328125,126.971435546875,1157234688
50,801.407,1862.5062255859375,582.8388671875,126.95581817626953,1157234688
51,801.458,1893.87890625,550.1812744140625,126.64690399169922,1157234688
52,801.509,1925.251220703125,575.1939697265625,126.21656036376953,1157234688
53,801.56,1954.662841796875,517.5241088867188,125.73180389404297,1157234688
54,801.611,1984.7222900390625,498.31463623046875,125.1039047241211,1157234688
55,801.662,2013.80078125,575.22216796875,124.37355041503906,1157234688
56,801.714,2041.251953125,556.7385864257812,123.57479095458984,1157234688
57,801.765,2069.475830078125,513.5641479492188,122.63123321533203,1157234688
58,801.816,2095.73876953125,546.5436401367188,121.58155059814453,1157234688
59,801.867,2121.19140625,512.1638793945312,120.49871063232422,1157234688
60,801.918,2148.604736328125,458.5601501464844,119.3600082397461,1157234688
61,801.97,2174.773681640625,489.7266540527344,118.04645538330078,1157234688
62,802.021,2199.962158203125,487.91436767578125,116.68380737304688,1157234688
63,802.073,2224.471923828125,422.40313720703125,115.2955093383789,1157234688
64,802.124,2247.02099609375,405.0274963378906,113.83841705322266,1157234688
65,802.175,2270.17333984375,431.0472717285156,112.24327850341797,1157234688
66,802.227,2294.30615234375,429.9667053222656,110.56670379638672,1157234688
67,802.277,2316.082275390625,406.1928405761719,108.84669494628906,1157234688
68,802.328,2335.8974609375,388.4481506347656,107.09552001953125,1157234688
69,802.379,2357.46630859375,401.75714111328125,105.22708892822266,1157234688
70,802.431,2380.01513671875,429.341064453125,103.23631286621094,1157234688
71,802.482,2398.94384765625,380.03125,101.26314544677734,1157234688
72,802.533,2417.36376953125,323.6627502441406,99.2151870727539,1157234688
73,802.585,2436.93408203125,352.5118713378906,97.06187438964844,1157234688
74,802.637,2456.032958984375,351.59429931640625,94.89332580566406,1157234688
75,802.687,2475.03759765625,313.88751220703125,92.64376831054688,1157234688
76,802.738,2493.06201171875,343.09246826171875,90.30878448486328,1157234688
77,802.79,2512.669677734375,411.290771484375,87.83695220947266,1157234688
78,802.841,2530.731689453125,383.39404296875,85.34886932373047,1157234688
79,802.892,2545.852294921875,296.5404357910156,82.93963623046875,1157234688
80,802.944,2560.55810546875,268.44415283203125,80.44380187988281,1157234688
81,802.995,2576.583740234375,256.48626708984375,77.85191345214844,1157234688
82,803.047,2593.11865234375,224.1962432861328,75.24639129638672,1157234688
83,803.097,2607.862060546875,228.4196319580078,72.6148452758789,1157234688
84,803.148,2621.116455078125,251.86642456054688,69.97492980957031,1157234688
85,803.2,2632.22119140625,208.4929656982422,67.28653717041016,1157234688
86,803.251,2642.345458984375,158.9630889892578,64.6300277709961,1157234688
87,803.302,2649.208251953125,108.07535552978516,62.003944396972656,1157234688
88,803.353,2655.656005859375,31.5511474609375,59.44268035888672,1157234688
89,803.405,2666.025634765625,76.65157318115234,56.71531677246094,1157234688
90,803.456,2671.3046875,98.07142639160156,54.026676177978516,1157234688
91,803.508,2672.32275390625,-34.295326232910156,51.54249954223633,1157234688
92,803.56,2673.629638671875,-62.45777130126953,48.87595748901367,1157234688
93,803.612,2673.315185546875,-13.727398872375488,46.340087890625,1157234688
94,803.662,2673.315185546875,-84.4549331665039,43.803009033203125,1157234688
95,803.713,2672.01416015625,-125.0956039428711,41.30964660644531,1157234688
96,803.765,2670.71337890625,-18.115917205810547,38.76241683959961,1157234688
97,803.817,2668.149169921875,-14.125079154968262,36.226383209228516,1157234688
98,803.868,2663.62451171875,-125.47393798828125,33.868656158447266,1157234688
99,803.92,2654.597412109375,-181.04019165039062,31.450382232666016,1157234688
100,803.972,2648.134521484375,-178.9365997314453,29.123043060302734,1157234688
101,804.023,2644.23193359375,-186.26364135742188,26.766071319580078,1157234688
102,804.074,2637.09912109375,-201.5810089111328,24.4942684173584,1157234688
103,804.125,2629.570556640625,-159.66421508789062,22.268695831298828,1157234688
104,804.177,2620.746826171875,-137.25033569335938,20.077194213867188,1157234688
105,804.227,2611.92333984375,-164.7436065673828,17.927400588989258,1157234688
106,804.278,2600.15869140625,-215.08639526367188,15.860307693481445,1157234688
107,804.329,2588.01708984375,-265.4296875,13.8759183883667,1157234688
108,804.38,2575.875244140625,-315.3373107910156,12.011665344238281,1157234688
109,804.431,2563.33349609375,-346.02099609375,10.189606666564941,1157234688
110,804.482,2548.8310546875,-365.24395751953125,8.445488929748535,1157234688
111,804.534,2531.7685546875,-403.69085693359375,6.819753646850586,1157234688
112,804.585,2513.32958984375,-429.789306640625,5.258124351501465,1157234688
113,804.636,2493.32568359375,-436.66339111328125,3.8400774002075195,1157234688
114,804.687,2471.75732421875,-467.3465881347656,2.524081230163574,1157234688
115,804.738,2450.1884765625,-478.8072814941406,1.2473387718200684,1157234688
116,804.79,2428.318115234375,-445.42266845703125,0.028589606285095215,1157234688
117,804.841,2404.487060546875,-462.8328552246094,0,1157234688
118,804.892,2380.957763671875,-488.4898376464844,0,1157234688
119,804.943,2357.428466796875,-451.8912658691406,0,1157234688
120,804.995,2334.87939453125,-421.20758056640625,0,1157234688
121,805.046,2310.21875,-474.8678283691406,0,1157234688
122,805.098,2284.973876953125,-509.3050842285156,0,1157234688
123,805.15,2261.581298828125,-458.8658752441406,0,1157234688
124,805.201,2237.79296875,-466.09600830078125,0,1157234688
125,805.252,2213.283203125,-518.6876831054688,0,1157234688
126,805.304,2189.074951171875,-474.11102294921875,0,1157234688
127,805.356,2167.807861328125,-376.9421081542969,0,1157234688
128,805.407,2145.2587890625,-391.94842529296875,0,1157234688
129,805.46,2119.7685546875,-464.6253356933594,0.1658712476491928,1157234688
130,805.511,2094.3154296875,-468.2801818847656,63.51200485229492,1157234688
131,805.562,2072.9345703125,-433.4876403808594,63.7403450012207,1157234688
132,805.613,2055.4384765625,-376.54278564453125,63.912269592285156,1157234688
133,805.664,2038.0501708984375,-284.05316162109375,64.08867645263672,1157234688
134,805.715,2023.603271484375,-152.39120483398438,64.21807861328125,1157234688
135,805.766,2011.838623046875,-38.474327087402344,64.26931762695312,1157234688
136,805.817,2003.0150146484375,36.99568557739258,64.25611114501953,1157234688
137,805.868,1997.1328125,95.39149475097656,63.82952880859375,1157234688
138,805.919,1995.172119140625,134.56410217285156,63.70648956298828,1157234688
139,805.97,1998.11328125,173.01097106933594,63.532222747802734,1157234688
140,806.021,2003.9586181640625,211.45736694335938,63.26923370361328,1157234688
141,806.072,2011.764892578125,230.6803436279297,62.96187973022461,1157234688
142,806.124,2018.6275634765625,192.23345947265625,62.668251037597656,1157234688
143,806.175,2028.337158203125,189.6813507080078,62.297000885009766,1157234688
144,806.226,2039.027099609375,225.5756378173828,61.88257598876953,1157234688
145,806.277,2048.830810546875,188.97752380371094,61.47761154174805,1157234688
146,806.328,2058.635009765625,152.37989807128906,61.04821014404297,1157234688
147,806.381,2067.345458984375,169.0579833984375,60.57049560546875,1157234688
148,806.431,2077.036376953125,169.0647430419922,60.0644645690918,1157234688
149,806.482,2085.85986328125,135.38876342773438,59.566131591796875,1157234688
150,806.533,2094.68310546875,154.98178100585938,58.985801696777344,1157234688
151,806.585,2105.467529296875,230.0263214111328,58.26618194580078,1157234688
152,806.636,2114.17822265625,211.91238403320312,57.61992645263672,1157234688
153,806.688,2119.061279296875,97.6812515258789,57.10187911987305,1157234688
154,806.74,2125.68505859375,89.1385726928711,56.45851516723633,1157234688
155,806.791,2133.1953125,119.04280090332031,55.79125213623047,1157234688
156,806.842,2140.05810546875,48.678123474121094,55.136375427246094,1157234688
157,806.893,2147.033935546875,56.643043518066406,54.44115447998047,1157234688
158,806.945,2154.990234375,192.64297485351562,53.622379302978516,1157234688
159,806.996,2161.7021484375,196.43594360351562,52.83028793334961,1157234688
160,807.047,2164.49267578125,65.665771484375,52.175113677978516,1157234688
161,807.099,2166.453369140625,42.87117385864258,51.44730758666992,1157234688
162,807.15,2170.48779296875,58.52250289916992,50.71391677856445,1157234688
163,807.201,2177.25634765625,15.71752643585205,49.95158004760742,1157234688
164,807.253,2182.283935546875,33.114234924316406,49.16019058227539,1157234688
165,807.305,2187.29248046875,131.03018188476562,48.28014373779297,1157234688
166,807.356,2190.818359375,124.44725036621094,47.44734573364258,1157234688
167,807.407,2191.629150390625,26.915897369384766,46.731727600097656,1157234688
168,807.458,2192.609619140625,19.81374168395996,45.93715286254883,1157234688
169,807.509,2194.72119140625,27.498855590820312,45.139835357666016,1157234688
170,807.56,2189.969970703125,-183.22637939453125,44.71786880493164,1157234688
171,807.611,2169.381591796875,-621.7386474609375,54.42218017578125,1157234688
172,807.662,2143.8916015625,-930.8551025390625,55.01699447631836,1157234688
173,807.713,2117.62841796875,-1034.7349853515625,55.648895263671875,1157234688
174,807.765,2091.364990234375,-1057.285400390625,56.251346588134766,1157234688
175,807.816,2065.12060546875,-845.8280029296875,56.740806579589844,1157234688
176,807.867,2040.0640869140625,-383.74200439453125,57.070194244384766,1157234688
177,807.918,2017.722412109375,1.4502990245819092,57.218528747558594,1157234688
178,807.97,1988.442626953125,24.334888458251953,57.55370330810547,1157234688
179,808.021,1947.398193359375,-318.0247497558594,58.44969177246094,1157234688
180,808.072,1908.182373046875,-724.3035278320312,59.75826644897461,1157234688
181,808.123,1883.672607421875,-862.1796875,61.07856369018555,1157234688
182,808.175,1867.006103515625,-805.2347412109375,62.26603317260742,1157234688
183,808.226,1849.622802734375,-688.1102294921875,63.462093353271484,1157234688
184,808.278,1831.2593994140625,-378.7515563964844,64.52471160888672,1157234688
185,808.331,1814.9996337890625,47.2723503112793,65.35836791992188,1157234688
186,808.381,1795.760986328125,165.72216796875,66.25494384765625,1157234688
187,808.432,1766.3115234375,-149.83102416992188,67.58343505859375,1157234688
188,808.483,1735.7874755859375,-490.0536193847656,69.25838470458984,1157234688
189,808.535,1720.9495849609375,-514.7229614257812,70.7921371459961,1157234688
190,808.587,1714.445068359375,-470.27899169921875,72.28758239746094,1157234688
191,808.638,1706.960205078125,-445.0584411621094,73.74526977539062,1157234688
192,808.69,1700.652587890625,-128.69479370117188,74.97904205322266,1157234688
193,808.742,1697.0218505859375,283.78582763671875,76.00189971923828,1157234688
194,808.793,1691.196044921875,318.46368408203125,77.12501525878906,1157234688
195,808.844,1673.462646484375,0.6017090082168579,78.61266326904297,1157234688
196,808.895,1654.4281005859375,-281.32928466796875,80.36309814453125,1157234688
197,808.946,1647.5654296875,-384.5409240722656,82.03787994384766,1157234688
198,808.997,1649.526123046875,-385.35113525390625,83.60044860839844,1157234688
199,809.048,1651.4869384765625,-247.0185089111328,84.96363067626953,1157234688
200,809.099,1655.0501708984375,102.77103424072266,86.11040496826172,1157234688
201,809.15,1662.53515625,493.52313232421875,87.04739379882812,1157234688
202,809.201,1668.843017578125,653.5949096679688,87.84739685058594,1157234688
203,809.252,1676.1312255859375,653.5949096679688,88.53489685058594,1157234688
204,809.304,1689.5361328125,653.5949096679688,89.07239532470703,1157234688
205,809.355,1713.857421875,636.1702270507812,89.54153442382812,1157234688
206,809.406,1746.3424072265625,618.7453002929688,89.85431671142578,1157234688
207,809.457,1778.6953125,616.1571655273438,90.06004333496094,1157234688
208,809.508,1811.0482177734375,613.5697021484375,90.1536636352539,1157234688
209,809.56,1843.401123046875,612.0910034179688,90.0964126586914,1157234688
210,809.611,1874.773681640625,608.8134765625,72.13187408447266,1157234688
211,809.662,1905.165771484375,587.7918090820312,71.77203369140625,1157234688
212,809.713,1934.5775146484375,551.9328002929688,71.34999084472656,1157234688
213,809.765,1963.989501953125,535.2969970703125,70.8213882446289,1157234688
214,809.816,1989.423095703125,458.7950744628906,70.3124771118164,1157234688
215,809.868,2012.7640380859375,343.84625244140625,69.85438537597656,1157234688
216,809.92,2034.958984375,300.1015930175781,69.28422546386719,1157234688
217,809.971,2055.3251953125,275.58062744140625,68.70683288574219,1157234688
218,810.022,2073.95263671875,222.262939453125,68.10248565673828,1157234688
219,810.074,2089.63916015625,208.47927856445312,67.46556091308594,1157234688
220,810.125,2105.155517578125,263.2341003417969,66.72636413574219,1157234688
221,810.177,2117.73095703125,245.30581665039062,66.00778198242188,1157234688
222,810.228,2128.51513671875,177.0375518798828,65.30707550048828,1157234688
223,810.281,2137.94921875,167.5812225341797,64.5191650390625,1157234688
224,810.331,2148.42041015625,174.02084350585938,63.72119140625,1157234688
225,810.382,2159.260986328125,146.8306884765625,62.91877365112305,1157234688
226,810.433,2168.306640625,138.8639678955078,62.08169937133789,1157234688
227,810.485,2178.33251953125,193.20680236816406,61.15022277832031,1157234688
228,810.536,2185.987060546875,175.83099365234375,60.25239562988281,1157234688
229,810.587,2191.680908203125,84.88939666748047,59.441802978515625,1157234688
230,810.638,2196.75244140625,62.109161376953125,58.59463119506836,1157234688
231,810.69,2202.8046875,77.77532958984375,57.70436477661133,1157234688
232,810.74,2209.66748046875,58.55188751220703,56.78346252441406,1157234688
233,810.792,2214.939208984375,61.80815887451172,55.86139678955078,1157234688
234,810.843,2219.966064453125,117.65080261230469,54.872249603271484,1157234688
235,810.895,2225.358154296875,142.23416137695312,53.84547805786133,1157234688
236,810.946,2230.01513671875,119.037353515625,52.83735656738281,1157234688
237,810.997,2232.956298828125,90.20243835449219,51.83015441894531,1157234688
238,811.048,2236.0859375,56.5612907409668,50.87246322631836,1157234688
239,811.1,2242.15673828125,61.6447639465332,49.837955474853516,1157234688
240,811.152,2245.87109375,48.96906661987305,48.834102630615234,1157234688
241,811.202,2246.64404296875,-31.266643524169922,47.94681930541992,1157234688
242,811.253,2249.58544921875,-17.588542938232422,46.937007904052734,1157234688
243,811.304,2252.526611328125,58.56610107421875,45.90359878540039,1157234688
244,811.356,2253.751953125,20.119216918945312,44.921417236328125,1157234688
245,811.407,2253.997314453125,-19.422260284423828,43.93988800048828,1157234688
246,811.458,2253.997314453125,37.15347671508789,42.96099853515625,1157234688
247,811.51,2253.752197265625,13.863415718078613,41.97139358520508,1157234688
248,811.561,2254.487548828125,-47.87352752685547,41.013092041015625,1157234688
249,811.612,2253.507080078125,-23.84434700012207,40.04174041748047,1157234688
250,811.663,2252.73388671875,-14.325284004211426,39.10643005371094,1157234688
251,811.715,2254.90185546875,-9.61244010925293,38.13290023803711,1157234688
252,811.766,2252.73388671875,-13.231649398803711,37.187171936035156,1157234688
253,811.818,2248.60498046875,-74.52022552490234,36.3440055847168,1157234688
254,811.87,2246.199951171875,-103.73796081542969,35.44285202026367,1157234688
255,811.922,2243.06005859375,-94.50883483886719,34.611793518066406,1157234688
256,811.973,2240.1376953125,-109.5447769165039,33.75829315185547,1157234688
257,812.024,2237.21533203125,-101.73902130126953,32.920013427734375,1157234688
258,812.075,2233.538818359375,-55.237709045410156,32.10346603393555,1157234688
259,812.126,2228.636962890625,-64.83641052246094,31.325885772705078,1157234688
260,812.177,2224.71533203125,-78.87129211425781,30.550453186035156,1157234688
261,812.228,2218.8330078125,-83.05783081054688,29.813159942626953,1157234688
262,812.279,2213.157958984375,-125.6912612915039,29.119890213012695,1157234688
263,812.33,2209.44384765625,-130.12789916992188,28.42729949951172,1157234688
264,812.382,2204.00537109375,-115.34016418457031,27.769947052001953,1157234688
265,812.433,2198.416259765625,-137.09402465820312,27.147214889526367,1157234688
266,812.485,2192.439697265625,-142.888916015625,26.532005310058594,1157234688
267,812.536,2186.61376953125,-104.7480697631836,25.917022705078125,1157234688
268,812.587,2179.751220703125,-117.68608093261719,25.372528076171875,1157234688
269,812.638,2172.88818359375,-152.80596923828125,24.870906829833984,1157234688
270,812.69,2167.005859375,-111.82865905761719,24.325515747070312,1157234688
271,812.741,2161.010498046875,-88.61680603027344,23.80845832824707,1157234688
272,812.792,2153.05419921875,-167.01004028320312,23.425838470458984,1157234688
273,812.844,2144.23046875,-209.52304077148438,23.082895278930664,1157234688
274,812.895,2137.254638671875,-155.5072479248047,22.690977096557617,1157234688
275,812.946,2130.4296875,-158.05259704589844,22.344486236572266,1157234688
276,812.997,2121.926513671875,-211.6986083984375,22.076875686645508,1157234688
277,813.048,2113.27294921875,-169.22787475585938,21.802766799926758,1157234688
278,813.1,2105.373291015625,-114.4940414428711,21.555185317993164,1157234688
279,813.151,2097.4736328125,-153.33206176757812,21.35580825805664,1157234688
280,813.202,2087.669677734375,-188.12490844726562,21.197092056274414,1157234688
281,813.253,2077.97900390625,-170.01040649414062,21.073102951049805,1157234688
282,813.305,2072.209716796875,-133.78184509277344,20.90607261657715,1157234688
283,813.356,2064.38525390625,-150.8158721923828,20.852394104003906,1157234688
284,813.408,2052.752685546875,-225.51950073242188,46.55078125,1157234688
285,813.46,2043.0618896484375,-227.70919799804688,46.63526153564453,1157234688
286,813.511,2036.198974609375,-153.00587463378906,46.585975646972656,1157234688
287,813.562,2028.3558349609375,-153.00587463378906,46.64059829711914,1157234688
288,813.613,2020.569091796875,-154.4776153564453,46.659610748291016,1157234688
289,813.665,2016.704345703125,-2.162060499191284,46.622276306152344,1157234688
290,813.716,2011.840087890625,58.053794860839844,46.599674224853516,1157234688
291,813.767,2005.995361328125,-54.741065979003906,46.65752410888672,1157234688
292,813.819,2001.0933837890625,-55.480430603027344,46.677330017089844,1157234688
293,813.871,1999.1136474609375,20.673736572265625,46.669803619384766,1157234688
294,813.922,2001.0367431640625,0.717926025390625,46.64478302001953,1157234688
295,813.973,2002.978759765625,17.744482040405273,46.564170837402344,1157234688
296,814.025,2004.939453125,131.9901885986328,46.40454864501953,1157234688
297,814.076,2005.9388427734375,114.97773742675781,46.323726654052734,1157234688
298,814.127,2006.938232421875,20.701940536499023,46.315616607666016,1157234688
299,814.178,2006.938232421875,21.064746856689453,46.233097076416016,1157234688
300,814.229,2008.861328125,21.427562713623047,46.150447845458984,1157234688
301,814.28,2012.745361328125,-17.38912582397461,46.07810974121094,1157234688
302,814.332,2015.686279296875,19.586139678955078,45.9586181640625,1157234688
303,814.383,2019.5703125,113.5064697265625,45.765830993652344,1157234688
304,814.435,2021.493408203125,93.56475830078125,45.6192741394043,1157234688
305,814.486,2022.473388671875,37.010337829589844,45.49428176879883,1157234688
306,814.537,2023.453857421875,57.34270477294922,45.32381057739258,1157234688
307,814.588,2026.376220703125,57.71250534057617,45.15320587158203,1157234688
308,814.64,2031.2593994140625,39.583885192871094,44.951576232910156,1157234688
309,814.691,2033.201416015625,40.6787109375,44.78456497192383,1157234688
310,814.742,2034.162841796875,20.71614646911621,44.66539001464844,1157234688
311,814.794,2036.1236572265625,0.7535797357559204,44.51512145996094,1157234688
312,814.845,2037.06640625,0.02843475341796875,44.36363983154297,1157234688
313,814.896,2037.06640625,-19.919912338256836,44.2181282043457,1157234688
314,814.947,2039.083740234375,0.03566627576947212,44.030616760253906,1157234688
315,814.998,2041.063232421875,58.43788528442383,43.8222541809082,1157234688
316,815.05,2041.025634765625,38.489418029785156,43.65677261352539,1157234688
317,815.101,2041.9683837890625,19.266088485717773,43.463836669921875,1157234688
318,815.152,2042.9488525390625,59.17723846435547,43.21771240234375,1157234688
319,815.203,2043.947998046875,39.953800201416016,43.01594924926758,1157234688
320,815.255,2046.908203125,19.991233825683594,42.7838134765625,1157234688
321,815.306,2047.8695068359375,39.57712936401367,42.5789680480957,1157234688
322,815.358,2047.888427734375,1.4927031993865967,42.42915725708008,1157234688
323,815.41,2049.77587890625,-21.65915298461914,42.203189849853516,1157234688
324,815.461,2049.664794921875,-6.3641252517700195,42.02090835571289,1157234688
325,815.512,2049.664794921875,-23.41136360168457,41.83699035644531,1157234688
326,815.563,2051.66357421875,-2.0189483165740967,41.612300872802734,1157234688
327,815.615,2053.661865234375,74.86759185791016,41.32307434082031,1157234688
328,815.667,2052.66259765625,39.986907958984375,41.11807632446289,1157234688
329,815.718,2050.68310546875,-52.5640983581543,41.014339447021484,1157234688
330,815.77,2049.591796875,-38.706153869628906,40.83005142211914,1157234688
331,815.822,2050.47998046875,-5.624763488769531,40.61015701293945,1157234688
332,815.873,2051.44140625,-42.29252243041992,40.42704772949219,1157234688
333,815.924,2049.553955078125,-60.113746643066406,40.287689208984375,1157234688
334,815.975,2049.664794921875,17.14223861694336,40.09407043457031,1157234688
335,816.026,2049.664794921875,40.29409408569336,39.89218521118164,1157234688
336,816.077,2048.684326171875,-14.186943054199219,39.70685577392578,1157234688
337,816.128,2046.723876953125,-15.966069221496582,39.52179718017578,1157234688
338,816.179,2045.7620849609375,1.4784866571426392,39.37126922607422,1157234688
339,816.23,2046.7613525390625,-18.48383903503418,39.224098205566406,1157234688
340,816.281,2045.891845703125,-38.44640350341797,39.079978942871094,1157234688
341,816.332,2044.042236328125,-38.44640350341797,38.93585968017578,1157234688
342,816.384,2043.099365234375,-38.44640350341797,38.79174041748047,1157234688
343,816.435,2044.0609130859375,-1.4570419788360596,38.602996826171875,1157234688
344,816.486,2043.0240478515625,16.308879852294922,38.449337005615234,1157234688
345,816.537,2041.063232421875,-21.028841018676758,38.34005355834961,1157234688
346,816.588,2040.082763671875,-19.919918060302734,38.19309997558594,1157234688
347,816.64,2038.103271484375,-19.913164138793945,38.082237243652344,1157234688
348,816.691,2037.1041259765625,-56.895774841308594,37.979164123535156,1157234688
349,816.742,2036.123779296875,-55.068443298339844,37.87508773803711,1157234688
350,816.794,2035.143310546875,-17.360689163208008,37.76524353027344,1157234688
351,816.845,2035.143310546875,0.753588855266571,37.61497497558594,1157234688
352,816.896,2033.1826171875,-17.737247467041016,37.5412712097168,1157234688
353,816.948,2029.317626953125,-55.4515266418457,37.51225662231445,1157234688
354,817,2027.3763427734375,-57.245079040527344,37.444889068603516,1157234688
355,817.051,2026.3590087890625,-39.8151969909668,37.37739562988281,1157234688
356,817.102,2024.3980712890625,-58.31291580200195,37.311317443847656,1157234688
357,817.153,2023.4365234375,-39.103355407714844,37.2422981262207,1157234688
358,817.205,2023.4554443359375,37.050811767578125,37.11656951904297,1157234688
359,817.256,2021.513671875,20.352705001831055,37.0701904296875,1157234688
360,817.308,2018.5911865234375,-54.015724182128906,37.07773208618164,1157234688
361,817.36,2015.6500244140625,-55.822235107421875,37.047637939453125,1157234688
362,817.411,2013.689208984375,-57.628746032714844,37.06821060180664,1157234688
363,817.462,2012.708740234375,-96.07563781738281,37.102508544921875,1157234688
364,817.513,2011.765380859375,-58.730567932128906,37.07399368286133,1157234688
365,817.565,2011.8023681640625,36.284820556640625,36.98603820800781,1157234688
366,817.616,2008.8990478515625,0.7533950805664062,41.83373260498047,1157234688
367,817.667,2005.9954833984375,-54.0014762878418,41.889068603515625,1157234688
368,817.718,2003.0543212890625,-16.294193267822266,41.8948860168457,1157234688
369,817.769,2001.0745849609375,-36.257240295410156,41.94533157348633,1157234688
370,817.82,2001.055908203125,-74.7041244506836,41.97200012207031,1157234688
371,817.872,2000.075439453125,-18.868223190307617,41.978736877441406,1157234688
372,817.923,2000.075439453125,36.96767807006836,41.96528244018555,1157234688
373,817.975,1999.1138916015625,-0.007464599795639515,42.002784729003906,1157234688
374,818.026,1998.15234375,1.4642760753631592,41.91763687133789,1157234688
375,818.077,1997.171875,39.541603088378906,41.86602020263672,1157234688
376,818.128,1997.1343994140625,0.7251526117324829,41.9105224609375,1157234688
377,818.18,1999.057373046875,0.7251526117324829,41.89164352416992,1157234688
378,818.231,2000.056640625,58.025794982910156,41.83155059814453,1157234688
379,818.282,1999.094970703125,-0.01397094689309597,41.898738861083984,1157234688
380,818.333,1999.094970703125,-57.684303283691406,41.91933059692383,1157234688
381,818.384,2000.075439453125,19.209228515625,41.88685607910156,1157234688
382,818.435,2000.075439453125,19.209228515625,41.87999725341797,1157234688
383,818.486,2001.036865234375,-38.82355499267578,41.893856048583984,1157234688
384,818.537,2001.0181884765625,18.48407745361328,41.88725662231445,1157234688
385,818.588,2000.0377197265625,38.07707977294922,41.87366485595703,1157234688
386,818.639,2001.0181884765625,-19.22344207763672,41.88052749633789,1157234688
387,818.69,2000.0377197265625,-19.22344207763672,41.88739013671875,1157234688
388,818.742,1999.0384521484375,0,41.88739013671875,1157234688
389,818.793,2000.98046875,0,41.88739013671875,1157234688
390,818.845,2000.98046875,0,41.88739013671875,1157234688
391,818.896,2000,0,41.88739013671875,1157234688
392,818.947,2000.98046875,19.22344207763672,41.8430290222168,1157234688
393,818.999,2001.960693359375,38.44688415527344,41.79180145263672,1157234688
394,819.051,2003.9215087890625,57.670326232910156,41.69621276855469,1157234688
395,819.103,2003.9954833984375,41.29391860961914,41.67795181274414,1157234688
396,819.155,2004.0318603515625,4.96868896484375,41.67472839355469,1157234688
397,819.206,2004.0318603515625,-15.677812576293945,41.68043518066406,1157234688
398,819.257,2002.1087646484375,-73.30621337890625,41.83351135253906,1157234688
399,819.308,2003.0892333984375,-73.30621337890625,41.820369720458984,1157234688
400,819.359,2003.0892333984375,-19.22252082824707,41.827232360839844,1157234688
401,819.41,2002.1087646484375,-21.344175338745117,41.84635925292969,1157234688
402,819.461,2002.1087646484375,-0.6976776123046875,41.82766342163086,1157234688
403,819.512,2002.1087646484375,76.15415954589844,41.762977600097656,1157234688
404,819.563,2000.1480712890625,37.70728302001953,41.749515533447266,1157234688
405,819.614,2000.073974609375,-19.223440170288086,41.756378173828125,1157234688
406,819.665,2000.0377197265625,19.22344207763672,41.749515533447266,1157234688
407,819.716,2000.0377197265625,0,41.749515533447266,1157234688
408,819.767,2001.960693359375,-38.44688415527344,41.763240814208984,1157234688
409,819.818,2001.960693359375,0,41.72574234008789,1157234688
410,819.869,2002.9410400390625,38.44688415527344,41.67451477050781,1157234688
411,819.92,2003.9215087890625,19.22344207763672,41.66765213012695,1157234688
412,819.971,2002.941162109375,0,41.66765213012695,1157234688
413,820.022,2002.941162109375,19.22344207763672,41.623291015625,1157234688
414,820.073,2003.9215087890625,19.22344207763672,41.57892990112305,1157234688
415,820.124,2003.9215087890625,-19.22344207763672,41.585792541503906,1157234688
416,820.176,2004.9019775390625,0,41.54829406738281,1157234688
417,820.227,2005.8824462890625,38.44688415527344,41.496063232421875,1157234688
418,820.278,2005.8824462890625,0,41.496063232421875,1157234688
419,820.33,2004.9019775390625,-38.44688415527344,41.51005935668945,1157234688
420,820.382,2004.9019775390625,0,41.47256088256836,1157234688
421,820.432,2004.9019775390625,0,41.47256088256836,1157234688
422,820.483,2004.9019775390625,-38.44688415527344,41.48628616333008,1157234688
423,820.535,2006.8626708984375,38.44688034057617,41.36006164550781,1157234688
424,820.586,2005.920166015625,59.5045166015625,41.33693313598633,1157234688
425,820.637,2004.977294921875,-34.77826690673828,41.606536865234375,1157234688
426,820.689,2004.977294921875,-16.2941837310791,41.58903503417969,1157234688
427,820.742,2004.9586181640625,40.27385330200195,41.5368766784668,1157234688
428,820.793,2005.920166015625,-17.7591609954834,41.50148010253906,1157234688
429,820.844,2005.920166015625,-38.446990966796875,41.51520538330078,1157234688
430,820.895,2005.920166015625,36.982139587402344,41.46450424194336,1157234688
431,820.946,2006.900390625,37.72150421142578,41.413536071777344,1157234688
432,820.997,2006.900390625,-18.846529006958008,41.420265197753906,1157234688
433,821.048,2004.939697265625,-18.48383903503418,41.38559341430664,1157234688
434,821.099,2005.8824462890625,19.593244552612305,41.34109878540039,1157234688
435,821.15,2006.824951171875,0,41.34109878540039,1157234688
436,821.201,2006.824951171875,-19.22344207763672,41.306541442871094,1157234688
437,821.252,2006.843994140625,19.22344207763672,41.26218032836914,1157234688
438,821.303,2005.8824462890625,0,41.26218032836914,1157234688
439,821.354,2006.8626708984375,-19.22344207763672,41.227622985839844,1157234688
440,821.406,2006.8626708984375,19.22344207763672,41.18326187133789,1157234688
441,821.457,2006.843994140625,18.86075210571289,41.13889694213867,1157234688
442,821.508,2007.805419921875,-0.7253783941268921,41.102230072021484,1157234688
443,821.56,2006.824951171875,0.0069946288131177425,41.10222625732422,1157234688
444,821.611,2006.824951171875,0.739367663860321,41.06446075439453,1157234688
445,821.662,2007.8052978515625,0.739367663860321,41.026695251464844,1157234688
446,821.713,2006.824951171875,-18.12138557434082,41.033164978027344,1157234688
447,821.765,2007.8052978515625,1.464746117591858,40.9576416015625,1157234688
448,821.816,2008.804443359375,39.91139602661133,40.904144287109375,1157234688
449,821.868,2006.8626708984375,-17.759166717529297,41.268150329589844,1157234688
450,821.92,2005.8822021484375,-57.287086486816406,41.28940200805664,1157234688
451,821.971,2005.901123046875,-0.6977874636650085,41.26007843017578,1157234688
452,822.022,2005.919921875,-0.6977874636650085,41.222686767578125,1157234688
453,822.073,2005.919921875,-39.876808166503906,41.23692321777344,1157234688
454,822.125,2006.900390625,36.284820556640625,41.14896774291992,1157234688
455,822.176,2006.919189453125,76.54487609863281,41.08213424682617,1157234688
456,822.227,2005.9576416015625,-17.759166717529297,41.192665100097656,1157234688
457,822.278,2004.977294921875,-37.3521728515625,41.17677307128906,1157234688
458,822.329,2004.9586181640625,19.948593139648438,41.13215255737305,1157234688
459,822.381,2006.900634765625,0.7251495122909546,41.09439468383789,1157234688
460,822.433,2007.881103515625,-19.23042869567871,41.05915832519531,1157234688
461,822.486,2007.862060546875,37.345069885253906,41.00806427001953,1157234688
462,822.538,2006.8997802734375,19.552019119262695,41.00008773803711,1157234688
463,822.591,2007.8795166015625,-17.833925247192383,40.96466064453125,1157234688
464,822.642,2006.8984375,0.657379150390625,40.92547607421875,1157234688
465,822.693,2004.955810546875,-37.050140380859375,41.075782775878906,1157234688
466,822.745,2006.87890625,-37.76166915893555,41.05997848510742,1157234688
467,822.796,2006.8599853515625,17.034244537353516,41.017120361328125,1157234688
468,822.847,2005.8795166015625,-2.5107741355895996,41.01801681518555,1157234688
469,822.898,2005.8795166015625,-20.632278442382812,40.983673095703125,1157234688
470,822.95,2006.8599853515625,55.522132873535156,40.888851165771484,1157234688
471,823.001,2005.9173583984375,38.47472381591797,40.87411117553711,1157234688
472,823.053,2005.91796875,-35.50364303588867,40.878822326660156,1157234688
473,823.103,2005.918701171875,2.203878879547119,40.84053421020508,1157234688
474,823.154,2004.9390869140625,1.464514136314392,40.84001159667969,1157234688
475,823.205,2005.8824462890625,-56.205810546875,40.860076904296875,1157234688
476,823.256,2005.901123046875,-18.860746383666992,40.825462341308594,1157234688
477,823.307,2004.939697265625,18.484317779541016,40.81886291503906,1157234688
478,823.359,2004.939697265625,-19.59300422668457,40.82585906982422,1157234688
479,823.41,2004.939697265625,-0.36968231201171875,40.787681579589844,1157234688
480,823.461,2002.9788818359375,18.48407745361328,40.78108215332031,1157234688
481,823.512,2002.9599609375,-19.962806701660156,40.7882080078125,1157234688
482,823.563,2002.9410400390625,-19.962806701660156,40.79533386230469,1157234688
483,823.615,2002.9222412109375,17.751705169677734,40.751373291015625,1157234688
484,823.666,2002.903564453125,-1.8341888189315796,40.90636444091797,1157234688
485,823.717,2001.923095703125,-39.541587829589844,40.95798110961914,1157234688
486,823.768,2001.923095703125,-0.7251434326171875,40.91347885131836,1157234688
487,823.82,2003.8837890625,56.94518280029297,40.81814956665039,1157234688
488,823.871,2003.9027099609375,20.332490921020508,40.81001281738281,1157234688
489,823.923,2001.9609375,-35.503883361816406,40.886474609375,1157234688
490,823.975,2001.9609375,1.4921706914901733,40.885921478271484,1157234688
491,824.026,2000.98046875,-19.181865692138672,40.93027114868164,1157234688
492,824.077,2000,-96.07563781738281,41.002071380615234,1157234688
493,824.128,2000.018798828125,-39.50712585449219,40.92854309082031,1157234688
494,824.18,2001.9984130859375,74.73170471191406,40.82686233520508,1157234688
495,824.232,2002.9976806640625,57.69111251831055,40.80512619018555,1157234688
496,824.283,2000.075439453125,-17.01957130432129,40.907012939453125,1157234688
497,824.335,1998.0777587890625,-0.30043333768844604,40.90859603881836,1157234688
498,824.387,1998.0218505859375,-2.804980516433716,40.9110107421875,1157234688
499,824.439,1998.003173828125,-78.6177749633789,40.97786331176758,1157234688
500,824.489,1998.003173828125,-59.4151725769043,40.99907302856445,1157234688
501,824.54,1998.983642578125,35.59998321533203,40.98636245727539,1157234688
502,824.591,1999.9638671875,38.10429000854492,40.97275924682617,1157234688
503,824.642,1998.983642578125,2.1619536876678467,40.971988677978516,1157234688
504,824.693,1997.022705078125,20.304418563842773,40.96474075317383,1157234688
505,824.744,1996.0234375,0,41.00223922729492,1157234688
506,824.795,1996.9849853515625,-38.44688415527344,41.053466796875,1157234688
507,824.846,1997.0220947265625,-19.22344207763672,41.06032943725586,1157234688
508,824.897,1996.0784912109375,-19.22344207763672,41.10469055175781,1157234688
509,824.948,1996.0784912109375,-38.44688034057617,41.15591812133789,1157234688
510,824.999,1996.0784912109375,0,41.15591812133789,1157234688
511,825.051,1996.0784912109375,38.44688415527344,41.14219284057617,1157234688
512,825.102,1995.1168212890625,0.7321380376815796,41.17958068847656,1157234688
513,825.153,1995.1357421875,1.4642760753631592,41.04267501831055,1157234688
514,825.205,1995.1546630859375,39.91115951538086,41.02741241455078,1157234688
515,825.257,1995.1734619140625,1.4642760753631592,41.053321838378906,1157234688
516,825.307,1996.1539306640625,-18.128726959228516,41.05979537963867,1157234688
517,825.358,1995.1734619140625,-0.006985473446547985,41.09729766845703,1157234688
518,825.41,1997.1343994140625,18.484317779541016,41.053260803222656,1157234688
519,825.461,1998.15234375,19.579145431518555,41.04466247558594,1157234688
520,825.513,1989.3665771484375,-152.33627319335938,41.24418258666992,1157234688
521,825.565,1969.2962646484375,-537.8915405273438,42.24153518676758,1157234688
522,825.616,1944.3052978515625,-865.7767333984375,43.543304443359375,1157234688
523,825.667,1917.8157958984375,-1010.49609375,44.91654968261719,1157234688
524,825.718,1891.326416015625,-1040.9700927734375,46.30067443847656,1157234688
525,825.77,1868.7584228515625,-792.1614379882812,47.48347473144531,1157234688
526,825.822,1844.512451171875,-362.34429931640625,48.56095504760742,1157234688
527,825.872,1820.2666015625,-67.09049224853516,49.549808502197266,1157234688
528,825.924,1793.796142578125,34.0067138671875,50.51960372924805,1157234688
529,825.975,1757.4840087890625,-172.47018432617188,51.96867370605469,1157234688
530,826.026,1720.643798828125,-621.4325561523438,53.97428894042969,1157234688
531,826.078,1695.088134765625,-845.1600341796875,56.021202087402344,1157234688
532,826.13,1678.2994384765625,-756.6859130859375,57.96354675292969,1157234688
533,826.181,1662.4622802734375,-668.4746704101562,59.85687255859375,1157234688
534,826.232,1646.229248046875,-451.26593017578125,61.65138626098633,1157234688
535,826.283,1629.562744140625,-18.56903076171875,63.19551467895508,1157234688
536,826.334,1614.5927734375,229.6568603515625,64.6603775024414,1157234688
537,826.385,1591.7796630859375,20.3966007232666,66.49475860595703,1157234688
538,826.436,1560.4072265625,-389.4366455078125,68.80878448486328,1157234688
539,826.487,1540.7994384765625,-543.7998046875,71.14041900634766,1157234688
540,826.538,1533.484130859375,-508.31036376953125,73.34688568115234,1157234688
541,826.589,1529.110107421875,-461.3609313964844,75.4240951538086,1157234688
542,826.641,1524.7926025390625,-192.2336883544922,77.292724609375,1157234688
543,826.692,1522.4359130859375,257.50372314453125,78.99446868896484,1157234688
544,826.743,1521.4554443359375,476.560546875,80.59246826171875,1157234688
545,826.795,1509.313720703125,252.46987915039062,82.5942611694336,1157234688
546,826.847,1488.348388671875,-183.0774383544922,84.96154022216797,1157234688
547,826.897,1478.5445556640625,-406.3641662597656,87.3191146850586,1157234688
548,826.948,1481.485595703125,-387.3467712402344,89.5198974609375,1157234688
549,827,1489.328857421875,-260.38262939453125,91.45035552978516,1157234688
550,827.051,1496.64404296875,48.5634765625,93.2221908569336,1157234688
551,827.103,1502.9788818359375,453.62628173828125,94.8229751586914,1157234688
552,827.155,1511.52490234375,697.2344360351562,96.24299621582031,1157234688
553,827.207,1521.59814453125,748.6090698242188,97.45156860351562,1157234688
554,827.257,1533.9095458984375,696.3795166015625,98.5450210571289,1157234688
555,827.308,1558.7965087890625,674.6344604492188,99.4917984008789,1157234688
556,827.36,1596.428466796875,762.7890625,100.23759460449219,1157234688
557,827.411,1632.92919921875,746.4488525390625,100.95349884033203,1157234688
558,827.462,1667.4691162109375,633.9916381835938,101.59784698486328,1157234688
559,827.513,1701.7828369140625,643.338134765625,102.0244140625,1157234688
560,827.564,1736.6246337890625,671.9083251953125,102.33411407470703,1157234688
561,827.616,1772.446533203125,614.2382202148438,102.5401382446289,1157234688
562,827.667,1806.0950927734375,609.8729248046875,102.63470458984375,1157234688
563,827.718,1837.7828369140625,643.9544677734375,102.6472396850586,1157234688
564,827.77,1869.1363525390625,588.5238647460938,102.55616760253906,1157234688
565,827.821,1900.490234375,552.3163452148438,71.72694396972656,1157234688
566,827.872,1929.9019775390625,571.9093017578125,71.26026916503906,1157234688
567,827.923,1959.0875244140625,534.2166748046875,70.7695541381836,1157234688
568,827.975,1989.2535400390625,515.3773193359375,70.17306518554688,1157234688
569,828.026,2013.6878662109375,477.67657470703125,69.58154296875,1157234688
570,828.077,2034.2008056640625,324.6361389160156,69.0935287475586,1157234688
571,828.129,2054.7890625,229.6290283203125,68.5240478515625,1157234688
572,828.18,2073.24658203125,227.82992553710938,67.91097259521484,1157234688
573,828.231,2090.72412109375,186.47476196289062,67.28694915771484,1157234688
574,828.282,2106.42919921875,171.28997802734375,66.62580108642578,1157234688
575,828.333,2119.193115234375,232.9984588623047,65.90512084960938,1157234688
576,828.385,2129.807861328125,227.8865509033203,65.14054870605469,1157234688
577,828.436,2140.42236328125,187.23602294921875,64.3676986694336,1157234688
578,828.487,2148.265625,174.2473907470703,63.59299087524414,1157234688
579,828.538,2156.18408203125,136.5396270751953,62.83174514770508,1157234688
580,828.59,2168.024169921875,153.1751708984375,61.95206069946289,1157234688
581,828.641,2176.659423828125,172.40536499023438,61.05548095703125,1157234688
582,828.693,2183.465576171875,114.74275970458984,60.234230041503906,1157234688
583,828.745,2190.99658203125,105.1466293334961,59.31654357910156,1157234688
584,828.796,2197.415283203125,133.99642944335938,58.423187255859375,1157234688
585,828.847,2204.278076171875,104.2543716430664,57.48596954345703,1157234688
586,828.898,2211.310546875,97.3616943359375,56.513710021972656,1157234688
587,828.95,2218.343017578125,158.65701293945312,55.48207092285156,1157234688
588,829.001,2224.017822265625,142.08395385742188,54.48255920410156,1157234688
589,829.052,2227.73193359375,48.61857223510742,53.610633850097656,1157234688
590,829.103,2230.67333984375,24.757413864135742,52.6642951965332,1157234688
591,829.154,2234.783447265625,39.3426628112793,51.67525100708008,1157234688
592,829.205,2239.873779296875,20.119699478149414,50.69306945800781,1157234688
593,829.256,2243.259033203125,23.738908767700195,49.7095947265625,1157234688
594,829.308,2246.64404296875,85.02748107910156,48.70423889160156,1157234688
595,829.36,2248.60498046875,80.96038818359375,47.70033645629883,1157234688
596,829.411,2250.0478515625,27.948474884033203,46.65835189819336,1157234688
597,829.462,2250.51025390625,17.4500675201416,45.6594352722168,1157234688
598,829.513,2251.697998046875,8.382875442504883,44.68144226074219,1157234688
599,829.565,2256.807373046875,37.76209259033203,43.61796188354492,1157234688
600,829.616,2257.58056640625,34.51303482055664,42.61936950683594,1157234688
601,829.667,2255.412109375,-54.354347229003906,41.735618591308594,1157234688
602,829.718,2254.43212890625,-78.2362060546875,40.810089111328125,1157234688
603,829.769,2253.45166015625,-45.87895584106445,39.879608154296875,1157234688
604,829.82,2252.47119140625,-75.25817108154297,38.95362091064453,1157234688
605,829.871,2250.51025390625,-91.23255920410156,38.06757736206055,1157234688
606,829.923,2249.067138671875,-11.090208053588867,37.13177490234375,1157234688
607,829.976,2247.180419921875,14.913732528686523,36.16962432861328,1157234688
608,830.026,2244.77587890625,-35.9765739440918,35.292110443115234,1157234688
609,830.077,2239.873779296875,-65.71864318847656,34.439666748046875,1157234688
610,830.128,2236.15966796875,-76.23680114746094,33.6263313293457,1157234688
611,830.181,2235.16015625,-80.95735168457031,32.76837158203125,1157234688
612,830.231,2231.992919921875,-96.52500915527344,31.966793060302734,1157234688
613,830.282,2227.091064453125,-122.1589126586914,31.235483169555664,1157234688
614,830.333,2222.18896484375,-126.42755126953125,30.50482749938965,1157234688
615,830.385,2218.26708984375,-96.68595886230469,29.769620895385742,1157234688
616,830.435,2211.40478515625,-130.4118194580078,29.114574432373047,1157234688
617,830.487,2204.98583984375,-164.13766479492188,28.46468734741211,1157234688
618,830.538,2201.31982421875,-76.82242584228516,27.71932029724121,1157234688
619,830.59,2196.07861328125,-49.3382568359375,27.052017211914062,1157234688
620,830.641,2189.06494140625,-143.91915893554688,26.517305374145508,1157234688
621,830.692,2181.447998046875,-156.48855590820312,25.978748321533203,1157234688
622,830.743,2175.791748046875,-95.86126708984375,25.393415451049805,1157234688
623,830.795,2172.850830078125,-91.49546813964844,24.769914627075195,1157234688
624,830.846,2165.91259765625,-142.61080932617188,24.298044204711914,1157234688
625,830.897,2156.033203125,-182.56509399414062,23.953861236572266,1157234688
626,830.948,2150.15087890625,-149.2935028076172,23.526702880859375,1157234688
627,831,2143.2880859375,-150.77223205566406,23.137269973754883,1157234688
628,831.051,2134.539794921875,-210.6182403564453,22.753950119018555,1157234688
629,831.102,2126.923095703125,-174.37545776367188,22.409955978393555,1157234688
630,831.153,2120.21142578125,-95.29228210449219,22.124536514282227,1157234688
631,831.205,2113.27294921875,-115.2269058227539,21.839570999145508,1157234688
632,831.256,2104.374267578125,-156.60279846191406,21.60391616821289,1157234688
633,831.307,2093.58984375,-172.17184448242188,21.405258178710938,1157234688
634,831.358,2085.82177734375,-187.7408905029297,21.246482849121094,1157234688
635,831.41,2080.995361328125,-151.5123291015625,21.082164764404297,1157234688
636,831.461,2071.21044921875,-170.03182983398438,21.031484603881836,1157234688
637,831.513,2060.44482421875,-244.0033721923828,21.068096160888672,1157234688
638,831.565,2050.75439453125,-227.3396759033203,21.06527328491211,1157234688
639,831.616,2041.063232421875,-191.45254516601562,21.133621215820312,1157234688
640,831.667,2032.2398681640625,-210.6759796142578,46.486637115478516,1157234688
641,831.718,2022.5113525390625,-192.9242706298828,46.63051223754883,1157234688
642,831.77,2014.7437744140625,-98.27903747558594,46.70309829711914,1157234688
643,831.821,2006.938232421875,-76.8797378540039,46.80608367919922,1157234688
644,831.872,1999.1328125,-113.15052795410156,46.95753479003906,1157234688
645,831.923,1991.289794921875,-94.66644287109375,47.10383224487305,1157234688
646,831.974,1986.3687744140625,-56.95915985107422,47.23666763305664,1157234688
647,832.025,1984.3892822265625,-37.7357177734375,47.325138092041016,1157234688
648,832.077,1981.447998046875,-19.607099533081055,47.40713882446289,1157234688
649,832.128,1979.506103515625,18.10717010498047,47.48004913330078,1157234688
650,832.181,1979.5250244140625,57.28595733642578,47.50861358642578,1157234688
651,832.232,1980.524169921875,76.87884521484375,47.534122467041016,1157234688
652,832.283,1979.5625,38.43219757080078,47.60251998901367,1157234688
653,832.334,1981.485595703125,38.0626335144043,47.588932037353516,1157234688
654,832.385,1984.3890380859375,75.77725982666016,47.5618782043457,1157234688
655,832.436,1986.349853515625,37.33784103393555,47.593666076660156,1157234688
656,832.487,1990.271484375,37.70775604248047,47.014671325683594,1157234688
657,832.538,1993.212646484375,95.37784576416016,46.94312286376953,1157234688
658,832.589,1995.1734619140625,57.30051803588867,46.92266845703125,1157234688
659,832.64,1998.095947265625,19.22344207763672,46.8783073425293,1157234688
660,832.691,2001.0181884765625,76.89376831054688,46.775856018066406,1157234688
661,832.743,2003.9404296875,76.89376831054688,46.673404693603516,1157234688
662,832.795,2007.8062744140625,37.748779296875,46.58292770385742,1157234688
663,832.846,2009.7298583984375,56.27412033081055,46.489253997802734,1157234688
664,832.898,2011.6907958984375,56.999603271484375,46.39390563964844,1157234688
665,832.949,2015.5745849609375,37.40657424926758,46.26705551147461,1157234688
666,833,2017.497802734375,36.3115119934082,46.143035888671875,1157234688
667,833.051,2018.4781494140625,18.52577781677246,46.06142044067383,1157234688
668,833.102,2021.4193115234375,19.963483810424805,45.94179153442383,1157234688
669,833.153,2023.380126953125,38.461448669433594,45.81555938720703,1157234688
670,833.204,2024.360595703125,19.607585906982422,45.69606018066406,1157234688
671,833.255,2026.3212890625,20.70240592956543,45.53866958618164,1157234688
672,833.307,2028.319091796875,58.409446716308594,45.36781692504883,1157234688
673,833.358,2029.317626953125,38.453399658203125,45.23984909057617,1157234688
674,833.41,2031.202880859375,17.7796688079834,45.083377838134766,1157234688
675,833.461,2033.1448974609375,55.13908004760742,44.87835693359375,1157234688
676,833.512,2034.1630859375,37.39459991455078,44.71500778198242,1157234688
677,833.564,2036.123779296875,0.05687866359949112,44.56498718261719,1157234688
678,833.615,2039.0650634765625,57.719970703125,44.31938171386719,1157234688
679,833.666,2041.0068359375,78.40068054199219,44.10040283203125,1157234688
680,833.717,2040.988037109375,-16.621814727783203,43.99116897583008,1157234688
681,833.769,2041.9683837890625,-17.730981826782227,43.80638122558594,1157234688
682,833.82,2042.9111328125,38.475074768066406,43.60266876220703,1157234688
683,833.871,2044.8531494140625,-0.6964796781539917,43.416717529296875,1157234688
684,833.922,2045.9088134765625,-19.187786102294922,43.232154846191406,1157234688
685,833.973,2044.9849853515625,19.991233825683594,43.07501983642578,1157234688
686,834.025,2045.9088134765625,18.164630889892578,42.87943649291992,1157234688
687,834.076,2047.8131103515625,17.06221580505371,42.650508880615234,1157234688
688,834.128,2047.8131103515625,38.11925506591797,42.41189956665039,1157234688
689,834.178,2047.831787109375,19.265850067138672,42.21752166748047,1157234688
690,834.23,2050.791748046875,37.74993133544922,41.97904586791992,1157234688
691,834.281,2050.77294921875,39.214202880859375,41.774330139160156,1157234688
692,834.333,2048.8310546875,-55.438018798828125,41.6710319519043,1157234688
693,834.386,2043.097412109375,-185.7589874267578,44.39459228515625,1157234688
694,834.436,2025.561279296875,-469.86700439453125,45.045589447021484,1157234688
695,834.487,2002.031982421875,-837.2872314453125,46.09450149536133,1157234688
696,834.538,1977.578857421875,-974.0343017578125,47.192230224609375,1157234688
697,834.59,1952.333740234375,-912.7457275390625,48.281822204589844,1157234688
698,834.642,1928.012451171875,-779.9078979492188,49.26553726196289,1157234688
699,834.693,1905.4635009765625,-442.93548583984375,50.098663330078125,1157234688
700,834.745,1882.2669677734375,-53.70623016357422,50.80682373046875,1157234688
701,834.796,1855.167724609375,-6.800904750823975,51.65901565551758,1157234688
702,834.847,1817.931640625,-343.7525329589844,53.094234466552734,1157234688
703,834.898,1778.6051025390625,-719.1508178710938,54.88846969604492,1157234688
704,834.95,1753.984130859375,-811.5712280273438,56.60320281982422,1157234688
705,835.001,1735.752685546875,-786.9500732421875,58.365386962890625,1157234688
706,835.053,1717.5211181640625,-708.355224609375,60.06562423706055,1157234688
707,835.103,1701.646240234375,-325.1221923828125,61.53169250488281,1157234688
708,835.154,1685.771484375,96.55751037597656,62.82941818237305,1157234688
709,835.206,1664.202880859375,77.33454895019531,64.31758880615234,1157234688
710,835.257,1631.5169677734375,-276.6697692871094,66.328857421875,1157234688
711,835.308,1600.320556640625,-542.5130004882812,68.60942077636719,1157234688
712,835.36,1584.6341552734375,-592.4198608398438,70.77506256103516,1157234688
713,835.411,1577.262451171875,-548.2359619140625,72.79025268554688,1157234688
714,835.462,1568.4388427734375,-394.4491271972656,74.69357299804688,1157234688
715,835.513,1563.1409912109375,-0.00023193359083961695,76.34357452392578,1157234688
716,835.565,1562.7451171875,430.86968994140625,77.74015045166016,1157234688
717,835.616,1553.4691162109375,405.16253662109375,79.4151840209961,1157234688
718,835.667,1533.408935546875,-22.209228515625,81.50292205810547,1157234688
719,835.718,1518.7030029296875,-282.4638366699219,83.666259765625,1157234688
720,835.769,1518.7030029296875,-283.572998046875,85.67999267578125,1157234688
721,835.821,1526.0369873046875,-283.5732421875,87.54373168945312,1157234688
722,835.872,1533.2957763671875,-116.79768371582031,89.25315856933594,1157234688
723,835.923,1542.0438232421875,338.32855224609375,90.68624877929688,1157234688
724,835.975,1553.148681640625,672.5477294921875,91.94530487060547,1157234688
725,836.026,1565.23388671875,737.639892578125,93.02018737792969,1157234688
726,836.077,1575.037841796875,712.1322021484375,93.99873352050781,1157234688
727,836.128,1595.09814453125,699.3428955078125,94.82923126220703,1157234688
728,836.18,1629.8643798828125,731.28466796875,95.46734619140625,1157234688
729,836.231,1665.346923828125,699.0228271484375,96.0774154663086,1157234688
730,836.283,1699.8492431640625,628.3145751953125,96.5740737915039,1157234688
731,836.335,1734.385009765625,632.3284912109375,96.93235778808594,1157234688
732,836.387,1768.524658203125,636.3421630859375,97.16400909423828,1157234688
733,836.439,1801.462158203125,574.3194580078125,97.30113983154297,1157234688
734,836.489,1833.4945068359375,565.6019287109375,97.3276138305664,1157234688
735,836.54,1865.5269775390625,618.9069213867188,70.73187255859375,1157234688
736,836.591,1896.8994140625,601.9542846679688,70.40447235107422,1157234688
737,836.642,1925.330810546875,527.33154296875,70.06621551513672,1157234688
738,836.693,1950.821044921875,474.013671875,69.67198944091797,1157234688
739,836.744,1977.1031494140625,441.0284729003906,69.21453857421875,1157234688
740,836.795,2001.4244384765625,365.24420166015625,68.74664306640625,1157234688
741,836.847,2022.7711181640625,288.3506774902344,68.2686996459961,1157234688
742,836.898,2042.043701171875,266.5821228027344,67.75548553466797,1157234688
743,836.95,2059.46435546875,242.26846313476562,67.21730041503906,1157234688
744,837.001,2076.01806640625,222.71774291992188,66.61711883544922,1157234688
745,837.053,2088.76318359375,207.9304656982422,66.01789093017578,1157234688
746,837.104,2100.358154296875,187.2926483154297,65.38280487060547,1157234688
747,837.155,2112.93359375,205.42825317382812,64.67845916748047,1157234688
748,837.206,2122.737548828125,194.62252807617188,64.00897979736328,1157234688
749,837.257,2131.561279296875,140.60719299316406,63.32128143310547,1157234688
750,837.309,2140.384765625,136.1710205078125,62.5976676940918,1157234688
751,837.36,2149.01953125,152.81320190429688,61.82292556762695,1157234688
752,837.411,2157.76806640625,133.22683715820312,61.03257751464844,1157234688
753,837.462,2165.837158203125,133.59640502929688,60.23488235473633,1157234688
754,837.513,2172.81298828125,153.1894073486328,59.39269256591797,1157234688
755,837.565,2180.44873046875,148.83131408691406,58.505428314208984,1157234688
756,837.616,2186.29345703125,110.02197265625,57.68658447265625,1157234688
757,837.667,2191.36474609375,79.63783264160156,56.833152770996094,1157234688
758,837.718,2198.2275390625,99.23130798339844,55.93522644042969,1157234688
759,837.77,2205.09033203125,114.7576904296875,54.994258880615234,1157234688
760,837.821,2210.76513671875,95.90394592285156,54.04978942871094,1157234688
761,837.873,2214.66796875,77.05018615722656,53.16771697998047,1157234688
762,837.925,2218.334228515625,67.79451751708984,52.224918365478516,1157234688
763,837.976,2221.811767578125,39.31542205810547,51.32786560058594,1157234688
764,838.027,2224.7529296875,9.573823928833008,50.42444610595703,1157234688
765,838.078,2226.921142578125,3.0440826416015625,49.52335739135742,1157234688
766,838.13,2233.010986328125,83.92625427246094,48.48089599609375,1157234688
767,838.182,2235.763671875,105.4521484375,47.493980407714844,1157234688
768,838.233,2234.5947265625,-7.586053371429443,46.67735290527344,1157234688
769,838.286,2235.09423828125,-23.984699249267578,45.72602081298828,1157234688
770,838.337,2236.781494140625,36.51042938232422,44.75638198852539,1157234688
771,838.388,2238.72314453125,-15.891912460327148,43.81180191040039,1157234688
772,838.439,2238.94091796875,-65.40765380859375,42.93046188354492,1157234688
773,838.49,2240.365478515625,38.032325744628906,41.97938537597656,1157234688
774,838.541,2241.345703125,69.38529968261719,41.017112731933594,1157234688
775,838.592,2241.345703125,-19.03854751586914,40.120025634765625,1157234688
776,838.643,2238.404541015625,-43.52997589111328,39.2266845703125,1157234688
777,838.694,2236.63232421875,-29.574527740478516,38.368709564208984,1157234688
778,838.745,2237.80126953125,-53.23414993286133,37.51435470581055,1157234688
779,838.796,2236.321533203125,-76.89376831054688,36.66361999511719,1157234688
780,838.847,2232.880859375,-76.89376831054688,35.85038375854492,1157234688
781,838.899,2230.165771484375,-76.89376831054688,35.037147521972656,1157234688
782,838.95,2228.22412109375,-61.65874099731445,34.21367645263672,1157234688
783,839.001,2224.09521484375,-65.64714813232422,33.44415283203125,1157234688
784,839.052,2219.193115234375,-100.02742004394531,32.70945739746094,1157234688
785,839.103,2215.271484375,-95.96080017089844,31.974140167236328,1157234688
786,839.155,2211.161376953125,-80.36331939697266,31.229324340820312,1157234688
787,839.206,2206.07080078125,-118.447265625,30.57965850830078,1157234688
788,839.257,2201.1689453125,-129.98477172851562,29.924545288085938,1157234688
789,839.308,2197.24755859375,-72.68447875976562,29.22316551208496,1157234688
790,839.36,2194.30615234375,-38.304691314697266,28.51652717590332,1157234688
791,839.411,2188.310791015625,-93.41520690917969,27.923748016357422,1157234688
792,839.463,2180.56201171875,-148.52621459960938,27.425800323486328,1157234688
793,839.515,2175.5712890625,-118.67744445800781,26.832904815673828,1157234688
794,839.566,2169.39306640625,-146.49755859375,26.341638565063477,1157234688
795,839.617,2162.530517578125,-217.58700561523438,25.887428283691406,1157234688
796,839.668,2156.83642578125,-153.04763793945312,25.385845184326172,1157234688
797,839.72,2154.083740234375,-17.417865753173828,24.82600975036621,1157234688
798,839.772,2147.16455078125,-69.79624938964844,24.418516159057617,1157234688
799,839.823,2135.34326171875,-218.2918243408203,24.191577911376953,1157234688
800,839.874,2125.53955078125,-203.7630615234375,23.88525390625,1157234688
801,839.926,2118.71435546875,-171.46066284179688,23.570825576782227,1157234688
802,839.977,2112.794189453125,-231.6614227294922,23.306964874267578,1157234688
803,840.028,2104.19091796875,-212.4312286376953,23.079851150512695,1157234688
804,840.08,2098.604736328125,-56.078086853027344,22.78843116760254,1157234688
805,840.131,2091.72314453125,-36.10817337036133,22.565387725830078,1157234688
806,840.182,2080.919921875,-169.95375061035156,22.479612350463867,1157234688
807,840.233,2070.135498046875,-186.27650451660156,22.358112335205078,1157234688
808,840.284,2062.34912109375,-147.85769653320312,22.268234252929688,1157234688
809,840.335,2057.503662109375,-189.2617645263672,22.222190856933594,1157234688
810,840.387,2049.66064453125,-210.3408660888672,22.216873168945312,1157234688
811,840.438,2040.9124755859375,-152.67776489257812,22.27244758605957,1157234688
812,840.49,2032.258544921875,-151.9457550048828,46.54856491088867,1157234688
813,840.541,2023.529541015625,-190.03030395507812,46.6906852722168,1157234688
814,840.592,2013.7255859375,-171.17642211914062,46.8267936706543,1157234688
815,840.643,2006.881591796875,-113.87590026855469,46.90494918823242,1157234688
816,840.695,2003.9593505859375,-37.35205078125,46.91828536987305,1157234688
817,840.746,1997.1533203125,-36.256988525390625,47.043983459472656,1157234688
818,840.797,1990.3470458984375,-73.23936462402344,47.21796798706055,1157234688
819,840.849,1987.4058837890625,-16.308887481689453,47.26129150390625,1157234688
820,840.9,1985.4638671875,21.761096954345703,47.2953987121582,1157234688
821,840.951,1983.5218505859375,-35.546295166015625,47.38236618041992,1157234688
822,841.002,1983.503173828125,0.3341430723667145,47.41981506347656,1157234688
823,841.053,1984.464599609375,93.8846664428711,47.44295120239258,1157234688
824,841.105,1985.4449462890625,56.54694747924805,47.47236633300781,1157234688
825,841.156,1986.4254150390625,18.846773147583008,47.46563720703125,1157234688
826,841.208,1987.4056396484375,76.15440368652344,46.97475814819336,1157234688
827,841.258,1991.270751953125,95.7474136352539,46.903076171875,1157234688
828,841.31,1997.096435546875,96.1172103881836,46.79376220703125,1157234688
829,841.361,1999.076171875,96.84934997558594,46.719539642333984,1157234688
830,841.413,2000.056640625,39.91115951538086,46.70457077026367,1157234688
831,841.465,2003.9222412109375,18.183170318603516,46.62135314941406,1157234688
832,841.516,2005.8460693359375,15.678624153137207,46.57966995239258,1157234688
833,841.567,2008.787353515625,-2.8193373680114746,46.50510025024414,1157234688
834,841.618,2012.708740234375,35.620887756347656,46.3798828125,1157234688
835,841.67,2016.6304931640625,111.78227233886719,46.18997573852539,1157234688
836,841.722,2017.629638671875,76.94175720214844,46.08476257324219,1157234688
837,841.773,2017.6484375,3.6545822620391846,46.04523849487305,1157234688
838,841.824,2018.62890625,21.782981872558594,45.92496109008789,1157234688
839,841.876,2020.533203125,19.96255874633789,45.80445861816406,1157234688
840,841.927,2024.3603515625,-1.080845594406128,45.65462875366211,1157234688
841,841.978,2025.340087890625,16.685319900512695,45.53761291503906,1157234688
842,842.03,2029.298583984375,93.95552062988281,45.31657028198242,1157234688
843,842.081,2031.2593994140625,95.43412780761719,45.12889099121094,1157234688
844,842.132,2030.2789306640625,0.782012939453125,45.053611755371094,1157234688
845,842.183,2030.2789306640625,-16.6212215423584,44.90615463256836,1157234688
846,842.234,2033.201416015625,41.404090881347656,44.70387268066406,1157234688
847,842.285,2037.1041259765625,39.92536163330078,44.50212097167969,1157234688
848,842.336,2038.0843505859375,0.36967772245407104,44.35198974609375,1157234688
849,842.387,2039.102294921875,38.44664764404297,44.188262939453125,1157234688
850,842.439,2031.334716796875,-115.34017181396484,45.677101135253906,1157234688
851,842.49,2011.971923828125,-567.9068603515625,46.52573013305664,1157234688
852,842.542,1984.728515625,-943.5802612304688,47.71715545654297,1157234688
853,842.593,1957.5035400390625,-1058.1884765625,49.01116180419922,1157234688
854,842.645,1935.180908203125,-999.7861328125,50.14693069458008,1157234688
855,842.696,1910.897216796875,-788.3291015625,51.22800064086914,1157234688
856,842.747,1884.6529541015625,-412.65570068359375,52.19166564941406,1157234688
857,842.798,1859.1627197265625,-60.641761779785156,53.000816345214844,1157234688
858,842.849,1835.6334228515625,107.20042419433594,53.734413146972656,1157234688
859,842.9,1813.0843505859375,106.46829986572266,54.43062210083008,1157234688
860,842.951,1788.5745849609375,-124.2125244140625,55.56246566772461,1157234688
861,843.003,1765.818115234375,-508.679931640625,57.24406433105469,1157234688
862,843.055,1746.8167724609375,-755.8378295898438,59.16786193847656,1157234688
863,843.106,1729.7574462890625,-810.7625122070312,61.00117111206055,1157234688
864,843.157,1711.8841552734375,-788.2750244140625,62.745086669921875,1157234688
865,843.208,1694.991455078125,-554.3298950195312,64.36798095703125,1157234688
866,843.26,1681.0396728515625,-92.96895599365234,65.75116729736328,1157234688
867,843.312,1665.730224609375,185.46946716308594,67.12223052978516,1157234688
868,843.362,1639.63671875,2.547192335128784,68.86991882324219,1157234688
869,843.413,1606.303466796875,-373.35467529296875,70.99070739746094,1157234688
870,843.465,1583.7545166015625,-537.7994384765625,73.13269805908203,1157234688
871,843.516,1573.4415283203125,-548.3284301757812,75.26390838623047,1157234688
872,843.567,1569.177490234375,-470.36151123046875,77.17630004882812,1157234688
873,843.618,1567.383056640625,-121.9801025390625,78.83234405517578,1157234688
874,843.671,1565.79931640625,305.5977478027344,80.33761596679688,1157234688
875,843.722,1561.7080078125,424.6981506347656,81.88386535644531,1157234688
876,843.773,1545.4749755859375,148.56143188476562,83.83204650878906,1157234688
877,843.824,1525.4901123046875,-241.27297973632812,86.05567932128906,1157234688
878,843.875,1519.230712890625,-394.3206481933594,88.18395233154297,1157234688
879,843.927,1522.1719970703125,-372.36737060546875,90.19188690185547,1157234688
880,843.977,1528.0543212890625,-253.394287109375,92.0073471069336,1157234688
881,844.028,1536.406494140625,129.38833618164062,93.56255340576172,1157234688
882,844.079,1544.7586669921875,568.1986083984375,94.90061950683594,1157234688
883,844.13,1553.582275390625,730.4881591796875,96.06385803222656,1157234688
884,844.181,1563.009033203125,730.4881591796875,97.11459350585938,1157234688
885,844.233,1577.8846435546875,730.4884033203125,98.01532745361328,1157234688
886,844.285,1606.326416015625,717.4655151367188,98.81889343261719,1157234688
887,844.336,1642.064453125,685.2186889648438,99.48457336425781,1157234688
888,844.387,1677.358642578125,657.2902221679688,100.0215072631836,1157234688
889,844.438,1711.6722412109375,629.3619995117188,100.48771667480469,1157234688
890,844.49,1746.9664306640625,629.3619995117188,100.76642608642578,1157234688
891,844.541,1780.3939208984375,624.23486328125,100.97125244140625,1157234688
892,844.592,1810.8804931640625,561.43798828125,101.14424896240234,1157234688
893,844.643,1842.2529296875,549.0713500976562,101.13523864746094,1157234688
894,844.694,1873.6256103515625,594.374755859375,73.28132629394531,1157234688
895,844.745,1904.017822265625,575.1514892578125,72.92599487304688,1157234688
896,844.797,1932.985595703125,535.6312255859375,72.50977325439453,1157234688
897,844.848,1958.9556884765625,514.24658203125,72.09538269042969,1157234688
898,844.9,1984.276123046875,454.05291748046875,71.59260559082031,1157234688
899,844.952,2009.653076171875,396.05584716796875,71.04303741455078,1157234688
900,845.002,2030.241455078125,322.48931884765625,70.51541137695312,1157234688
901,845.054,2050.735107421875,267.0378112792969,69.93257904052734,1157234688
902,845.106,2072.209716796875,306.5722961425781,69.26063537597656,1157234688
903,845.158,2087.674072265625,269.03424072265625,68.62406158447266,1157234688
904,845.21,2102.93115234375,204.97927856445312,67.91619110107422,1157234688
905,845.261,2116.317138671875,236.3621063232422,0,0
